level_id,generator,judge_score
genetic::lvl-1.txt,genetic,-0.7555901108323214
genetic::lvl-10.txt,genetic,0.0358654395611946
genetic::lvl-100.txt,genetic,-0.9644846272885015
genetic::lvl-11.txt,genetic,-0.4710046531713538
genetic::lvl-12.txt,genetic,-0.2049972111582083
genetic::lvl-13.txt,genetic,-0.1834159291773868
genetic::lvl-14.txt,genetic,-0.26838571334309436
genetic::lvl-15.txt,genetic,-0.3448036132957483
genetic::lvl-16.txt,genetic,-0.5890665313888349
genetic::lvl-17.txt,genetic,-0.3675490700799229
genetic::lvl-18.txt,genetic,-0.47673027434204646
genetic::lvl-19.txt,genetic,-0.5139322989751502
genetic::lvl-2.txt,genetic,-0.6018945317856442
genetic::lvl-20.txt,genetic,-0.08365634290140905
genetic::lvl-21.txt,genetic,-0.34102383884791193
genetic::lvl-22.txt,genetic,0.14409791254722784
genetic::lvl-23.txt,genetic,-1.2834663007262945
genetic::lvl-24.txt,genetic,-0.26190162458563004
genetic::lvl-25.txt,genetic,-0.8850717189425461
genetic::lvl-26.txt,genetic,-0.5953123902630978
genetic::lvl-27.txt,genetic,-0.5719241514662613
genetic::lvl-28.txt,genetic,-0.6905124497603771
genetic::lvl-29.txt,genetic,-0.6479331179538255
genetic::lvl-3.txt,genetic,-0.7053178759070212
genetic::lvl-30.txt,genetic,-0.29310940900790405
genetic::lvl-31.txt,genetic,-0.2229430358298029
genetic::lvl-32.txt,genetic,-0.36823200018268853
genetic::lvl-33.txt,genetic,-0.5760144154537964
genetic::lvl-34.txt,genetic,-0.8695665154094018
genetic::lvl-35.txt,genetic,-0.31930264717049806
genetic::lvl-36.txt,genetic,-0.3157819032632652
genetic::lvl-37.txt,genetic,-0.5724382977245438
genetic::lvl-38.txt,genetic,-0.40073698273854397
genetic::lvl-39.txt,genetic,-1.382847818770392
genetic::lvl-4.txt,genetic,-0.11213336833947778
genetic::lvl-40.txt,genetic,-1.2484716851062039
genetic::lvl-41.txt,genetic,-0.039203064722873
genetic::lvl-42.txt,genetic,-0.9301920962885978
genetic::lvl-43.txt,genetic,-0.5115216684296792
genetic::lvl-44.txt,genetic,-1.0088023978548173
genetic::lvl-45.txt,genetic,-0.18764997948327758
genetic::lvl-46.txt,genetic,-0.49878143753266574
genetic::lvl-47.txt,genetic,-0.3223492602980375
genetic::lvl-48.txt,genetic,-0.18088826859903961
genetic::lvl-49.txt,genetic,-0.38292207801357325
genetic::lvl-5.txt,genetic,-0.10271060530598287
genetic::lvl-50.txt,genetic,-0.7827999533831903
genetic::lvl-51.txt,genetic,-0.6094864528323117
genetic::lvl-52.txt,genetic,-0.44451903105709395
genetic::lvl-53.txt,genetic,-1.2851009118590826
genetic::lvl-54.txt,genetic,-0.8141798150496344
genetic::lvl-55.txt,genetic,-0.6371784541661978
genetic::lvl-56.txt,genetic,-0.5135272476794993
genetic::lvl-57.txt,genetic,-0.5876846021325495
genetic::lvl-58.txt,genetic,-0.2181777239450515
genetic::lvl-59.txt,genetic,-0.6512214593467622
genetic::lvl-6.txt,genetic,-0.27024404276000863
genetic::lvl-60.txt,genetic,-0.6543091877591248
genetic::lvl-61.txt,genetic,-1.1822055949161365
genetic::lvl-62.txt,genetic,-1.0275746426616557
genetic::lvl-63.txt,genetic,-0.3131081746486985
genetic::lvl-64.txt,genetic,-0.2477342294132198
genetic::lvl-65.txt,genetic,-0.5851415468923019
genetic::lvl-66.txt,genetic,-0.552691217231571
genetic::lvl-67.txt,genetic,-0.610455196380953
genetic::lvl-68.txt,genetic,-0.9287787598780987
genetic::lvl-69.txt,genetic,-0.6866847577965721
genetic::lvl-7.txt,genetic,-0.3694447925317341
genetic::lvl-70.txt,genetic,-0.5639069903061451
genetic::lvl-71.txt,genetic,-0.5319590248514628
genetic::lvl-72.txt,genetic,-0.30251757228852105
genetic::lvl-73.txt,genetic,-0.4568865242456778
genetic::lvl-74.txt,genetic,-0.37553447747784047
genetic::lvl-75.txt,genetic,-0.49599079242259686
genetic::lvl-76.txt,genetic,-0.5342901196480765
genetic::lvl-77.txt,genetic,-0.2919087054082413
genetic::lvl-78.txt,genetic,-0.08466279840082916
genetic::lvl-79.txt,genetic,-0.5742148477195537
genetic::lvl-8.txt,genetic,-0.08874274701923687
genetic::lvl-80.txt,genetic,-0.36884309709717134
genetic::lvl-81.txt,genetic,0.047271430596307146
genetic::lvl-82.txt,genetic,0.2059903359134027
genetic::lvl-83.txt,genetic,-0.6215333110821079
genetic::lvl-84.txt,genetic,-1.4275379523423783
genetic::lvl-85.txt,genetic,-0.9954542849181492
genetic::lvl-86.txt,genetic,-0.45224086754612614
genetic::lvl-87.txt,genetic,-0.4210288300658477
genetic::lvl-88.txt,genetic,-0.10039465821239314
genetic::lvl-89.txt,genetic,-0.029364495283945545
genetic::lvl-9.txt,genetic,-0.9653913334139994
genetic::lvl-90.txt,genetic,-0.9241244866985278
genetic::lvl-91.txt,genetic,-0.7971805585255295
genetic::lvl-92.txt,genetic,-0.2514971985878587
genetic::lvl-93.txt,genetic,-0.39056342434204033
genetic::lvl-94.txt,genetic,0.22190684777866593
genetic::lvl-95.txt,genetic,-0.533160836256153
genetic::lvl-96.txt,genetic,-0.3007584419495067
genetic::lvl-97.txt,genetic,-0.8157261760669764
genetic::lvl-98.txt,genetic,-0.9757386054542865
genetic::lvl-99.txt,genetic,-0.5827556937261086
hopper::lvl-1.txt,hopper,-0.17968272523647663
hopper::lvl-10.txt,hopper,-0.38164103255421605
hopper::lvl-100.txt,hopper,-0.46772539403819036
hopper::lvl-11.txt,hopper,-0.41280446635547846
hopper::lvl-12.txt,hopper,-0.24784446968849236
hopper::lvl-13.txt,hopper,-0.3025051544796116
hopper::lvl-14.txt,hopper,-0.4613268426433304
hopper::lvl-15.txt,hopper,-0.526603207179275
hopper::lvl-16.txt,hopper,-0.3448561319270797
hopper::lvl-17.txt,hopper,-0.6308915095728532
hopper::lvl-18.txt,hopper,-0.6538298195619774
hopper::lvl-19.txt,hopper,-0.4982453430542619
hopper::lvl-2.txt,hopper,-0.8187448163988917
hopper::lvl-20.txt,hopper,-0.557684483999126
hopper::lvl-21.txt,hopper,-0.33568451165645025
hopper::lvl-22.txt,hopper,-0.7649673631876692
hopper::lvl-23.txt,hopper,-0.27975810041176047
hopper::lvl-24.txt,hopper,-0.6582450414312763
hopper::lvl-25.txt,hopper,-0.3640425321100968
hopper::lvl-26.txt,hopper,-0.48013813860928006
hopper::lvl-27.txt,hopper,-0.3152110082485884
hopper::lvl-28.txt,hopper,-0.3858030214566433
hopper::lvl-29.txt,hopper,-0.4091406738431343
hopper::lvl-3.txt,hopper,-0.22860337759600352
hopper::lvl-30.txt,hopper,-0.23478946790767785
hopper::lvl-31.txt,hopper,-0.7577244498321724
hopper::lvl-32.txt,hopper,-1.2748920558722796
hopper::lvl-33.txt,hopper,-0.19528088932433516
hopper::lvl-34.txt,hopper,-0.11344148007559972
hopper::lvl-35.txt,hopper,-0.3132494448236633
hopper::lvl-36.txt,hopper,-0.3652623054230544
hopper::lvl-37.txt,hopper,-0.11601066663154062
hopper::lvl-38.txt,hopper,-0.2746803989555709
hopper::lvl-39.txt,hopper,-0.3727509876668994
hopper::lvl-4.txt,hopper,0.0752787390094368
hopper::lvl-40.txt,hopper,-0.7654547508548663
hopper::lvl-41.txt,hopper,-0.8253099429007975
hopper::lvl-42.txt,hopper,-0.2629360578716159
hopper::lvl-43.txt,hopper,-0.40109754825414584
hopper::lvl-44.txt,hopper,-0.6174934265874142
hopper::lvl-45.txt,hopper,-0.33372358509475303
hopper::lvl-46.txt,hopper,-0.8563091583048721
hopper::lvl-47.txt,hopper,-0.7982660452820304
hopper::lvl-48.txt,hopper,-0.4364574263787438
hopper::lvl-49.txt,hopper,-0.3283405593301778
hopper::lvl-5.txt,hopper,0.032506995867614734
hopper::lvl-50.txt,hopper,-0.55617036090023
hopper::lvl-51.txt,hopper,-0.5471612053546632
hopper::lvl-52.txt,hopper,-0.5499655944709482
hopper::lvl-53.txt,hopper,-0.47676925775661755
hopper::lvl-54.txt,hopper,-0.30940118896149776
hopper::lvl-55.txt,hopper,-0.44089453941321666
hopper::lvl-56.txt,hopper,-0.5345604185379488
hopper::lvl-57.txt,hopper,-0.7318518628008494
hopper::lvl-58.txt,hopper,-0.3467289018522689
hopper::lvl-59.txt,hopper,-0.6882930562274884
hopper::lvl-6.txt,hopper,-0.5773159030338022
hopper::lvl-60.txt,hopper,-0.5050773266339831
hopper::lvl-61.txt,hopper,-0.4413679476521064
hopper::lvl-62.txt,hopper,-0.49620973779445543
hopper::lvl-63.txt,hopper,-0.010800269937578552
hopper::lvl-64.txt,hopper,-0.42055796871989715
hopper::lvl-65.txt,hopper,-0.34394080131849103
hopper::lvl-66.txt,hopper,-0.6923059205297366
hopper::lvl-67.txt,hopper,-0.3771063451695856
hopper::lvl-68.txt,hopper,-0.11392337991463843
hopper::lvl-69.txt,hopper,-0.30703933476888057
hopper::lvl-7.txt,hopper,-0.3398331369371724
hopper::lvl-70.txt,hopper,-0.5377997116777196
hopper::lvl-71.txt,hopper,-0.6100665240545868
hopper::lvl-72.txt,hopper,-0.9180987284536904
hopper::lvl-73.txt,hopper,-0.7810443567156329
hopper::lvl-74.txt,hopper,-0.7004307669104539
hopper::lvl-75.txt,hopper,-0.5977442111982321
hopper::lvl-76.txt,hopper,-0.42806191750705125
hopper::lvl-77.txt,hopper,-0.4066075739087771
hopper::lvl-78.txt,hopper,-0.41112416068129826
hopper::lvl-79.txt,hopper,-0.6807729738323577
hopper::lvl-8.txt,hopper,-0.6624240087976946
hopper::lvl-80.txt,hopper,-0.2736918868071984
hopper::lvl-81.txt,hopper,-0.3754050279770124
hopper::lvl-82.txt,hopper,-0.07852737875484693
hopper::lvl-83.txt,hopper,-0.18499759230785875
hopper::lvl-84.txt,hopper,-0.4308840403222688
hopper::lvl-85.txt,hopper,-0.5961697400585105
hopper::lvl-86.txt,hopper,-0.5011612850426818
hopper::lvl-87.txt,hopper,-0.11728565774314305
hopper::lvl-88.txt,hopper,-0.23081069455831954
hopper::lvl-89.txt,hopper,-0.29220903352144556
hopper::lvl-9.txt,hopper,-0.21516379752050505
hopper::lvl-90.txt,hopper,-0.3898312201173447
hopper::lvl-91.txt,hopper,-0.3289637167534352
hopper::lvl-92.txt,hopper,-0.4707511834189451
hopper::lvl-93.txt,hopper,-0.17378307867963422
hopper::lvl-94.txt,hopper,-0.4457615557760201
hopper::lvl-95.txt,hopper,-0.6006785900366877
hopper::lvl-96.txt,hopper,-0.7911202001330355
hopper::lvl-97.txt,hopper,-0.8446555301162494
hopper::lvl-98.txt,hopper,-0.4228804235913159
hopper::lvl-99.txt,hopper,-1.1416533251507313
marioDiffusion::level_1.txt,marioDiffusion,-0.5763876928830054
marioDiffusion::level_10.txt,marioDiffusion,-1.0497735023472368
marioDiffusion::level_100.txt,marioDiffusion,-0.5380599482504261
marioDiffusion::level_11.txt,marioDiffusion,-1.3271449085297613
marioDiffusion::level_12.txt,marioDiffusion,-1.1172371497196074
marioDiffusion::level_13.txt,marioDiffusion,-1.3530350992499283
marioDiffusion::level_14.txt,marioDiffusion,0.22922473839791666
marioDiffusion::level_15.txt,marioDiffusion,-0.26273245120693844
marioDiffusion::level_16.txt,marioDiffusion,-0.7858068740887318
marioDiffusion::level_17.txt,marioDiffusion,-0.14838202026343297
marioDiffusion::level_18.txt,marioDiffusion,-0.5435270352312214
marioDiffusion::level_19.txt,marioDiffusion,-1.56973722260561
marioDiffusion::level_2.txt,marioDiffusion,-1.1268377053789662
marioDiffusion::level_20.txt,marioDiffusion,-0.5820559268547552
marioDiffusion::level_21.txt,marioDiffusion,0.16179374479995992
marioDiffusion::level_22.txt,marioDiffusion,-0.5812390859923205
marioDiffusion::level_23.txt,marioDiffusion,-0.8860174988832844
marioDiffusion::level_24.txt,marioDiffusion,-0.1774265682978601
marioDiffusion::level_25.txt,marioDiffusion,-1.0997278514369369
marioDiffusion::level_26.txt,marioDiffusion,-1.0240343688873537
marioDiffusion::level_27.txt,marioDiffusion,-1.159218379843403
marioDiffusion::level_28.txt,marioDiffusion,-0.8020129111115083
marioDiffusion::level_29.txt,marioDiffusion,-1.417175284738194
marioDiffusion::level_3.txt,marioDiffusion,-1.2847842641835558
marioDiffusion::level_30.txt,marioDiffusion,-1.1510150663682
marioDiffusion::level_31.txt,marioDiffusion,0.03754142326141972
marioDiffusion::level_32.txt,marioDiffusion,-1.1399681594922926
marioDiffusion::level_33.txt,marioDiffusion,-0.5023856221054512
marioDiffusion::level_34.txt,marioDiffusion,-0.6206083737884364
marioDiffusion::level_35.txt,marioDiffusion,-1.0950959324972978
marioDiffusion::level_36.txt,marioDiffusion,-0.8820344867602647
marioDiffusion::level_37.txt,marioDiffusion,-1.050929660307057
marioDiffusion::level_38.txt,marioDiffusion,-0.9002208245089425
marioDiffusion::level_39.txt,marioDiffusion,-1.5410419159739273
marioDiffusion::level_4.txt,marioDiffusion,-0.26167085173167615
marioDiffusion::level_40.txt,marioDiffusion,-0.8505383196039452
marioDiffusion::level_41.txt,marioDiffusion,-1.0887716020509044
marioDiffusion::level_42.txt,marioDiffusion,-0.8238104063020234
marioDiffusion::level_43.txt,marioDiffusion,-0.2636170802446283
marioDiffusion::level_44.txt,marioDiffusion,-1.288857523863056
marioDiffusion::level_45.txt,marioDiffusion,-1.2430617232491235
marioDiffusion::level_46.txt,marioDiffusion,-1.307951547723827
marioDiffusion::level_47.txt,marioDiffusion,-0.9341329365901454
marioDiffusion::level_48.txt,marioDiffusion,-1.9032569584315653
marioDiffusion::level_49.txt,marioDiffusion,-0.774834440147429
marioDiffusion::level_5.txt,marioDiffusion,-0.19062505100041224
marioDiffusion::level_50.txt,marioDiffusion,-0.733522542371317
marioDiffusion::level_51.txt,marioDiffusion,-0.8852818171612555
marioDiffusion::level_52.txt,marioDiffusion,-0.6391931639304772
marioDiffusion::level_53.txt,marioDiffusion,-1.9055463086702642
marioDiffusion::level_54.txt,marioDiffusion,-0.37821598782355714
marioDiffusion::level_55.txt,marioDiffusion,-1.102723479379722
marioDiffusion::level_56.txt,marioDiffusion,-0.34877612294877425
marioDiffusion::level_57.txt,marioDiffusion,-1.1830711679322432
marioDiffusion::level_58.txt,marioDiffusion,-0.22611507143767043
marioDiffusion::level_59.txt,marioDiffusion,-0.1374099663711308
marioDiffusion::level_6.txt,marioDiffusion,-0.06040348884568916
marioDiffusion::level_60.txt,marioDiffusion,-1.1337996704691988
marioDiffusion::level_61.txt,marioDiffusion,-0.11804867158936282
marioDiffusion::level_62.txt,marioDiffusion,-0.7257870965899311
marioDiffusion::level_63.txt,marioDiffusion,-1.2376315526962518
marioDiffusion::level_64.txt,marioDiffusion,-1.7717268346057669
marioDiffusion::level_65.txt,marioDiffusion,-0.1289843163359061
marioDiffusion::level_66.txt,marioDiffusion,-0.6275883162150905
marioDiffusion::level_67.txt,marioDiffusion,-0.8941246386600992
marioDiffusion::level_68.txt,marioDiffusion,-1.2458967967889347
marioDiffusion::level_69.txt,marioDiffusion,-1.0524198050664653
marioDiffusion::level_7.txt,marioDiffusion,-1.7601940222410917
marioDiffusion::level_70.txt,marioDiffusion,-0.9103428475400908
marioDiffusion::level_71.txt,marioDiffusion,-1.3836541024225424
marioDiffusion::level_72.txt,marioDiffusion,-1.2675689511108192
marioDiffusion::level_73.txt,marioDiffusion,-1.5374636531655554
marioDiffusion::level_74.txt,marioDiffusion,-1.1450259851378293
marioDiffusion::level_75.txt,marioDiffusion,-0.6255529119744166
marioDiffusion::level_76.txt,marioDiffusion,-0.7492958084276373
marioDiffusion::level_77.txt,marioDiffusion,-1.4685070667705324
marioDiffusion::level_78.txt,marioDiffusion,-0.921019701987791
marioDiffusion::level_79.txt,marioDiffusion,-1.5868773490691985
marioDiffusion::level_8.txt,marioDiffusion,-1.5233956473321357
marioDiffusion::level_80.txt,marioDiffusion,-0.4626730280434167
marioDiffusion::level_81.txt,marioDiffusion,-0.5812428367268301
marioDiffusion::level_82.txt,marioDiffusion,-0.5969895445664517
marioDiffusion::level_83.txt,marioDiffusion,-0.9931651355314156
marioDiffusion::level_84.txt,marioDiffusion,-1.4810886808742756
marioDiffusion::level_85.txt,marioDiffusion,-0.7284484958298053
marioDiffusion::level_86.txt,marioDiffusion,-0.03947664711091073
marioDiffusion::level_87.txt,marioDiffusion,-1.8865876555613872
marioDiffusion::level_88.txt,marioDiffusion,0.27240697503544337
marioDiffusion::level_89.txt,marioDiffusion,-1.0120379892901987
marioDiffusion::level_9.txt,marioDiffusion,-0.9060381770921361
marioDiffusion::level_90.txt,marioDiffusion,-0.5217402813686826
marioDiffusion::level_91.txt,marioDiffusion,-0.6579090781445095
marioDiffusion::level_92.txt,marioDiffusion,-0.8473293601947034
marioDiffusion::level_93.txt,marioDiffusion,-0.9673750306246678
marioDiffusion::level_94.txt,marioDiffusion,-1.237435169764449
marioDiffusion::level_95.txt,marioDiffusion,-0.813279032253257
marioDiffusion::level_96.txt,marioDiffusion,-1.5484122289883255
marioDiffusion::level_97.txt,marioDiffusion,-0.4630492656795817
marioDiffusion::level_98.txt,marioDiffusion,0.14506109308775117
marioDiffusion::level_99.txt,marioDiffusion,-1.1907594972732019
mariogan::level_1.txt,mariogan,-0.8513031992484502
mariogan::level_10.txt,mariogan,-0.7263059208475443
mariogan::level_100.txt,mariogan,-0.7050442905045943
mariogan::level_11.txt,mariogan,-0.11942911291446551
mariogan::level_12.txt,mariogan,-0.6359187004463278
mariogan::level_13.txt,mariogan,-0.3973319993160065
mariogan::level_14.txt,mariogan,-0.4514011959938256
mariogan::level_15.txt,mariogan,-0.08851562923288048
mariogan::level_16.txt,mariogan,-0.17569785072342273
mariogan::level_17.txt,mariogan,0.2572076937116648
mariogan::level_18.txt,mariogan,-0.09561827248829091
mariogan::level_19.txt,mariogan,-0.021474931573066437
mariogan::level_2.txt,mariogan,-0.6230368330014417
mariogan::level_20.txt,mariogan,-0.5832485954789539
mariogan::level_21.txt,mariogan,0.09097792117330374
mariogan::level_22.txt,mariogan,0.19166124495755663
mariogan::level_23.txt,mariogan,-0.426306377107522
mariogan::level_24.txt,mariogan,-0.26822960936349327
mariogan::level_25.txt,mariogan,-0.3477617985133497
mariogan::level_26.txt,mariogan,-0.7984900019110961
mariogan::level_27.txt,mariogan,-0.5394095195515992
mariogan::level_28.txt,mariogan,-0.34307116539191296
mariogan::level_29.txt,mariogan,-0.8002272807153493
mariogan::level_3.txt,mariogan,-0.8883986920215415
mariogan::level_30.txt,mariogan,-0.23515585587733026
mariogan::level_31.txt,mariogan,-0.16068281403003612
mariogan::level_32.txt,mariogan,-0.570656671075096
mariogan::level_33.txt,mariogan,-1.0822198082632464
mariogan::level_34.txt,mariogan,-0.9434445250354345
mariogan::level_35.txt,mariogan,-0.5644402312484023
mariogan::level_36.txt,mariogan,-0.06007970648917846
mariogan::level_37.txt,mariogan,-0.48010468965444947
mariogan::level_38.txt,mariogan,0.24804004692493375
mariogan::level_39.txt,mariogan,-0.5236904183675718
mariogan::level_4.txt,mariogan,0.15027231921812628
mariogan::level_40.txt,mariogan,0.4990009687666053
mariogan::level_41.txt,mariogan,-0.358860816767837
mariogan::level_42.txt,mariogan,-0.5132884419165009
mariogan::level_43.txt,mariogan,0.15264607002039132
mariogan::level_44.txt,mariogan,-0.40718385334457424
mariogan::level_45.txt,mariogan,0.08793084365066499
mariogan::level_46.txt,mariogan,-1.0147920467957756
mariogan::level_47.txt,mariogan,-0.14315772152332212
mariogan::level_48.txt,mariogan,-0.9358376245154921
mariogan::level_49.txt,mariogan,-1.7729260065494301
mariogan::level_5.txt,mariogan,0.020529072873508997
mariogan::level_50.txt,mariogan,-0.3077991245093135
mariogan::level_51.txt,mariogan,0.05184940865921208
mariogan::level_52.txt,mariogan,0.08531277195995943
mariogan::level_53.txt,mariogan,-0.9283058599169507
mariogan::level_54.txt,mariogan,-0.36784898774544317
mariogan::level_55.txt,mariogan,-0.21291261151208632
mariogan::level_56.txt,mariogan,0.3378353161468968
mariogan::level_57.txt,mariogan,-0.2724215463716258
mariogan::level_58.txt,mariogan,-0.9503244908094512
mariogan::level_59.txt,mariogan,-0.4119050395999042
mariogan::level_6.txt,mariogan,0.14774107269774694
mariogan::level_60.txt,mariogan,0.28661659737011635
mariogan::level_61.txt,mariogan,-0.13536694443147193
mariogan::level_62.txt,mariogan,-1.0368642916775583
mariogan::level_63.txt,mariogan,-0.0375221189951476
mariogan::level_64.txt,mariogan,-0.46550042739265207
mariogan::level_65.txt,mariogan,-0.11200410948037028
mariogan::level_66.txt,mariogan,0.05982656589559796
mariogan::level_67.txt,mariogan,-0.6901965061803973
mariogan::level_68.txt,mariogan,-0.7474229964764053
mariogan::level_69.txt,mariogan,-0.51081200635288
mariogan::level_7.txt,mariogan,-0.36337960430313865
mariogan::level_70.txt,mariogan,-0.6551431274844843
mariogan::level_71.txt,mariogan,-0.1231422226362312
mariogan::level_72.txt,mariogan,-0.07181966262009336
mariogan::level_73.txt,mariogan,0.33305029527944774
mariogan::level_74.txt,mariogan,-0.32596061445882785
mariogan::level_75.txt,mariogan,-0.7339566038920394
mariogan::level_76.txt,mariogan,0.0013855683827307674
mariogan::level_77.txt,mariogan,-0.42583893740644085
mariogan::level_78.txt,mariogan,-0.35049857906227544
mariogan::level_79.txt,mariogan,-0.2126903344645503
mariogan::level_8.txt,mariogan,-0.2891934189179258
mariogan::level_80.txt,mariogan,0.40785139166936485
mariogan::level_81.txt,mariogan,-0.4191656492640022
mariogan::level_82.txt,mariogan,-0.9677761382495871
mariogan::level_83.txt,mariogan,-0.6037721277714115
mariogan::level_84.txt,mariogan,-0.18650473244899626
mariogan::level_85.txt,mariogan,0.01733189869644143
mariogan::level_86.txt,mariogan,-0.41684432737860694
mariogan::level_87.txt,mariogan,-0.3525033650678461
mariogan::level_88.txt,mariogan,-0.5357965755698331
mariogan::level_89.txt,mariogan,-0.8700983480724479
mariogan::level_9.txt,mariogan,-0.0894508943657624
mariogan::level_90.txt,mariogan,-0.05552210406782013
mariogan::level_91.txt,mariogan,-0.539638564972411
mariogan::level_92.txt,mariogan,0.1494439834468543
mariogan::level_93.txt,mariogan,-1.1788197877882998
mariogan::level_94.txt,mariogan,-0.12639330200320004
mariogan::level_95.txt,mariogan,-0.7174885254768137
mariogan::level_96.txt,mariogan,-0.5493261711645513
mariogan::level_97.txt,mariogan,0.020651213865285765
mariogan::level_98.txt,mariogan,0.16215396062827261
mariogan::level_99.txt,mariogan,-0.1980837032575731
mariogpt::level_000.txt,mariogpt,1.4373203460776087
mariogpt::level_001.txt,mariogpt,0.9536254002576733
mariogpt::level_002.txt,mariogpt,0.10592545868218843
mariogpt::level_003.txt,mariogpt,0.44847349645163664
mariogpt::level_004.txt,mariogpt,1.0746304120482981
mariogpt::level_005.txt,mariogpt,1.6461224713767935
mariogpt::level_006.txt,mariogpt,2.1449745220733405
mariogpt::level_007.txt,mariogpt,0.11301864223805201
mariogpt::level_008.txt,mariogpt,1.9388993122748153
mariogpt::level_009.txt,mariogpt,0.2970480882438075
mariogpt::level_010.txt,mariogpt,1.1259036713044803
mariogpt::level_011.txt,mariogpt,-0.6676762550581121
mariogpt::level_012.txt,mariogpt,0.8621223590674736
mariogpt::level_013.txt,mariogpt,-0.207263085427194
mariogpt::level_014.txt,mariogpt,2.0383497005640066
mariogpt::level_015.txt,mariogpt,-0.9393453711259802
mariogpt::level_016.txt,mariogpt,-0.2968611111992364
mariogpt::level_017.txt,mariogpt,1.7252903126270582
mariogpt::level_018.txt,mariogpt,0.2906131207873122
mariogpt::level_019.txt,mariogpt,0.6438665586394191
mariogpt::level_020.txt,mariogpt,-0.7051722691074035
mariogpt::level_021.txt,mariogpt,1.4794325390452185
mariogpt::level_022.txt,mariogpt,0.8317081728802702
mariogpt::level_023.txt,mariogpt,0.5615256065311567
mariogpt::level_024.txt,mariogpt,0.30031229159071093
mariogpt::level_025.txt,mariogpt,0.44601911531932825
mariogpt::level_026.txt,mariogpt,0.529815607369923
mariogpt::level_027.txt,mariogpt,0.5705423649957871
mariogpt::level_028.txt,mariogpt,1.4444601291263686
mariogpt::level_029.txt,mariogpt,-0.5302068505132548
mariogpt::level_030.txt,mariogpt,1.5228788969501015
mariogpt::level_031.txt,mariogpt,0.8891555913083931
mariogpt::level_032.txt,mariogpt,1.5342671613809291
mariogpt::level_033.txt,mariogpt,1.017840171471566
mariogpt::level_034.txt,mariogpt,-0.8368972703636031
mariogpt::level_035.txt,mariogpt,0.8881190691181272
mariogpt::level_036.txt,mariogpt,-0.4943551419741719
mariogpt::level_037.txt,mariogpt,1.8487160645638183
mariogpt::level_038.txt,mariogpt,1.3476362633287915
mariogpt::level_039.txt,mariogpt,-0.47247805885249033
mariogpt::level_040.txt,mariogpt,1.0308200568027241
mariogpt::level_041.txt,mariogpt,1.1500696983104723
mariogpt::level_042.txt,mariogpt,-0.17801988349692585
mariogpt::level_043.txt,mariogpt,1.9955557611385075
mariogpt::level_044.txt,mariogpt,1.4584291624118173
mariogpt::level_045.txt,mariogpt,1.5747358286150592
mariogpt::level_046.txt,mariogpt,0.9228182536177137
mariogpt::level_047.txt,mariogpt,1.6710064684883184
mariogpt::level_048.txt,mariogpt,1.071345380717143
mariogpt::level_049.txt,mariogpt,1.4194405780358694
mariogpt::level_050.txt,mariogpt,0.708175823530935
mariogpt::level_051.txt,mariogpt,-1.0215242182069881
mariogpt::level_052.txt,mariogpt,0.24659875210733367
mariogpt::level_053.txt,mariogpt,1.7745544046964667
mariogpt::level_054.txt,mariogpt,-0.27290971773261796
mariogpt::level_055.txt,mariogpt,0.08924038174726169
mariogpt::level_056.txt,mariogpt,-0.7114334585997942
mariogpt::level_057.txt,mariogpt,2.0836965993409597
mariogpt::level_058.txt,mariogpt,-1.2373082333292147
mariogpt::level_059.txt,mariogpt,0.7802966564554802
mariogpt::level_060.txt,mariogpt,0.41436838682719956
mariogpt::level_061.txt,mariogpt,0.7765465076245988
mariogpt::level_062.txt,mariogpt,1.2573113682170467
mariogpt::level_063.txt,mariogpt,0.5990664216833792
mariogpt::level_064.txt,mariogpt,1.7341746233809978
mariogpt::level_065.txt,mariogpt,1.0165044170235615
mariogpt::level_066.txt,mariogpt,0.46364049571994775
mariogpt::level_067.txt,mariogpt,-0.18474256438015774
mariogpt::level_068.txt,mariogpt,0.5659689840928334
mariogpt::level_069.txt,mariogpt,1.694893994655203
mariogpt::level_070.txt,mariogpt,1.4258782856058523
mariogpt::level_071.txt,mariogpt,0.11832596448611322
mariogpt::level_072.txt,mariogpt,0.3318322247139054
mariogpt::level_073.txt,mariogpt,1.4011358731598929
mariogpt::level_074.txt,mariogpt,1.0877423377359612
mariogpt::level_075.txt,mariogpt,1.5569134055408995
mariogpt::level_076.txt,mariogpt,1.459392440420133
mariogpt::level_077.txt,mariogpt,0.6470111567270096
mariogpt::level_078.txt,mariogpt,0.8851992434536731
mariogpt::level_079.txt,mariogpt,1.8637420851923592
mariogpt::level_080.txt,mariogpt,0.44287016149395314
mariogpt::level_081.txt,mariogpt,0.4653370877119689
mariogpt::level_082.txt,mariogpt,-0.046790308224450294
mariogpt::level_083.txt,mariogpt,0.7478677196799639
mariogpt::level_084.txt,mariogpt,1.418814442197627
mariogpt::level_085.txt,mariogpt,0.24372868801071326
mariogpt::level_086.txt,mariogpt,0.7711071476805054
mariogpt::level_087.txt,mariogpt,1.7965886299832567
mariogpt::level_088.txt,mariogpt,-0.3626240936259021
mariogpt::level_089.txt,mariogpt,2.093532247970096
mariogpt::level_090.txt,mariogpt,1.9696636453212781
mariogpt::level_091.txt,mariogpt,1.258686565600085
mariogpt::level_092.txt,mariogpt,0.39927762722280163
mariogpt::level_093.txt,mariogpt,1.0626010528854046
mariogpt::level_094.txt,mariogpt,1.7754400605613123
mariogpt::level_095.txt,mariogpt,0.4507279803209126
mariogpt::level_096.txt,mariogpt,0.7632965207485473
mariogpt::level_097.txt,mariogpt,1.6895450989427476
mariogpt::level_098.txt,mariogpt,0.6168692017652075
mariogpt::level_099.txt,mariogpt,0.45968544597277455
notch::lvl-1.txt,notch,-0.7985524555179255
notch::lvl-10.txt,notch,-0.8973061876421481
notch::lvl-100.txt,notch,-0.4621924193182012
notch::lvl-11.txt,notch,-0.44817906708250504
notch::lvl-12.txt,notch,-0.004753308184913655
notch::lvl-13.txt,notch,-0.705922652624398
notch::lvl-14.txt,notch,-0.4245257332988354
notch::lvl-15.txt,notch,-0.696770080341881
notch::lvl-16.txt,notch,-0.7843588148679499
notch::lvl-17.txt,notch,-0.15502471270381946
notch::lvl-18.txt,notch,-0.2364492393779452
notch::lvl-19.txt,notch,-0.39398634978803143
notch::lvl-2.txt,notch,-0.21557555327515882
notch::lvl-20.txt,notch,0.05410646160136491
notch::lvl-21.txt,notch,-0.20463148413514856
notch::lvl-22.txt,notch,-0.27366763647447573
notch::lvl-23.txt,notch,-0.7007296719522988
notch::lvl-24.txt,notch,-0.1570955796260619
notch::lvl-25.txt,notch,-1.00897251568675
notch::lvl-26.txt,notch,-1.6432909515345342
notch::lvl-27.txt,notch,-1.1460337485903058
notch::lvl-28.txt,notch,-0.2083268511410692
notch::lvl-29.txt,notch,-0.47893817094556795
notch::lvl-3.txt,notch,-0.4997063822889105
notch::lvl-30.txt,notch,-0.5108954847754847
notch::lvl-31.txt,notch,-0.052154465077037915
notch::lvl-32.txt,notch,-1.1366637735752736
notch::lvl-33.txt,notch,-0.9925919822625284
notch::lvl-34.txt,notch,-0.13095750903005135
notch::lvl-35.txt,notch,-0.11600664338981179
notch::lvl-36.txt,notch,-0.8109403788469385
notch::lvl-37.txt,notch,-1.4638288321855093
notch::lvl-38.txt,notch,-0.8516514884448285
notch::lvl-39.txt,notch,-1.0331436309448923
notch::lvl-4.txt,notch,-1.0656342198938258
notch::lvl-40.txt,notch,-1.008703246326038
notch::lvl-41.txt,notch,-0.342756880852054
notch::lvl-42.txt,notch,-0.03606589815703544
notch::lvl-43.txt,notch,-0.1279612550769201
notch::lvl-44.txt,notch,-0.056919461695964665
notch::lvl-45.txt,notch,-0.5823435736070047
notch::lvl-46.txt,notch,-0.5282931817551489
notch::lvl-47.txt,notch,-1.374723656739915
notch::lvl-48.txt,notch,-1.2450716947910316
notch::lvl-49.txt,notch,-0.40909360807290496
notch::lvl-5.txt,notch,-1.8596995746869756
notch::lvl-50.txt,notch,-0.1635283530467363
notch::lvl-51.txt,notch,-0.4041698680195024
notch::lvl-52.txt,notch,-0.3436154269729686
notch::lvl-53.txt,notch,-0.41202587398150886
notch::lvl-54.txt,notch,-0.5724221842954349
notch::lvl-55.txt,notch,-1.2980174294304077
notch::lvl-56.txt,notch,-0.9736387058658392
notch::lvl-57.txt,notch,-1.0139598057838637
notch::lvl-58.txt,notch,-0.028310414557158756
notch::lvl-59.txt,notch,-1.186624719917
notch::lvl-6.txt,notch,-0.20051250431182635
notch::lvl-60.txt,notch,-1.0352533465366642
notch::lvl-61.txt,notch,-0.928745365672192
notch::lvl-62.txt,notch,0.10301060961599574
notch::lvl-63.txt,notch,0.41166639410057987
notch::lvl-64.txt,notch,-0.9126834975784361
notch::lvl-65.txt,notch,-0.8296106296844715
notch::lvl-66.txt,notch,-0.9350197901378301
notch::lvl-67.txt,notch,-0.8887008219395659
notch::lvl-68.txt,notch,0.1190803303563253
notch::lvl-69.txt,notch,-1.477689931717749
notch::lvl-7.txt,notch,-0.07454261442591573
notch::lvl-70.txt,notch,-0.5896646936128513
notch::lvl-71.txt,notch,-1.6134913638162711
notch::lvl-72.txt,notch,-0.17768911504995238
notch::lvl-73.txt,notch,-0.6035614248782321
notch::lvl-74.txt,notch,0.2860429603450669
notch::lvl-75.txt,notch,-1.2786208505328882
notch::lvl-76.txt,notch,-0.8285668193706088
notch::lvl-77.txt,notch,-0.15871062541153663
notch::lvl-78.txt,notch,-0.915281213672798
notch::lvl-79.txt,notch,-0.9068360193317914
notch::lvl-8.txt,notch,-0.4112310649604688
notch::lvl-80.txt,notch,-0.5411100677355686
notch::lvl-81.txt,notch,-1.5158954094259673
notch::lvl-82.txt,notch,-0.9029319904787976
notch::lvl-83.txt,notch,-0.5432383821075518
notch::lvl-84.txt,notch,-0.4965189505582774
notch::lvl-85.txt,notch,-0.23795687331819315
notch::lvl-86.txt,notch,-0.8835619214045914
notch::lvl-87.txt,notch,-0.9338273610398623
notch::lvl-88.txt,notch,-1.4696554846560093
notch::lvl-89.txt,notch,-1.06444225826373
notch::lvl-9.txt,notch,-0.6016136709544713
notch::lvl-90.txt,notch,-0.8649129840373744
notch::lvl-91.txt,notch,-0.6935409254220248
notch::lvl-92.txt,notch,-1.5742757781551826
notch::lvl-93.txt,notch,-0.09238560084754516
notch::lvl-94.txt,notch,-1.4939110817480103
notch::lvl-95.txt,notch,-0.43431402739576774
notch::lvl-96.txt,notch,-0.4226804969572535
notch::lvl-97.txt,notch,-0.7960532332519306
notch::lvl-98.txt,notch,-0.8244548481136381
notch::lvl-99.txt,notch,-0.5839284818424891
notchParam::lvl-1.txt,notchParam,-1.6497655541187373
notchParam::lvl-10.txt,notchParam,-1.1004063523516796
notchParam::lvl-100.txt,notchParam,-1.7071679654834482
notchParam::lvl-11.txt,notchParam,-1.9530127931509818
notchParam::lvl-12.txt,notchParam,-0.928431482082503
notchParam::lvl-13.txt,notchParam,-1.4534055284405378
notchParam::lvl-14.txt,notchParam,-1.4822444012716949
notchParam::lvl-15.txt,notchParam,-1.6533903651018396
notchParam::lvl-16.txt,notchParam,-1.2989374257178012
notchParam::lvl-17.txt,notchParam,-1.6032145964373374
notchParam::lvl-18.txt,notchParam,-1.1948975716634889
notchParam::lvl-19.txt,notchParam,-1.3987591150110545
notchParam::lvl-2.txt,notchParam,-1.4519329713519575
notchParam::lvl-20.txt,notchParam,-1.729738979930912
notchParam::lvl-21.txt,notchParam,-1.5128609809315874
notchParam::lvl-22.txt,notchParam,-1.0708424635660796
notchParam::lvl-23.txt,notchParam,-1.1436804995996936
notchParam::lvl-24.txt,notchParam,-1.4649845441393021
notchParam::lvl-25.txt,notchParam,-1.430213149230013
notchParam::lvl-26.txt,notchParam,-1.124739844338051
notchParam::lvl-27.txt,notchParam,-1.637897231000204
notchParam::lvl-28.txt,notchParam,-1.293556266092955
notchParam::lvl-29.txt,notchParam,-1.5500230314541747
notchParam::lvl-3.txt,notchParam,-1.2367339877006358
notchParam::lvl-30.txt,notchParam,-1.689367842635224
notchParam::lvl-31.txt,notchParam,-1.4287898395392786
notchParam::lvl-32.txt,notchParam,-1.6966055348639482
notchParam::lvl-33.txt,notchParam,-1.86449660211186
notchParam::lvl-34.txt,notchParam,-1.3523370887071615
notchParam::lvl-35.txt,notchParam,-1.628986397041234
notchParam::lvl-36.txt,notchParam,-1.598699417281524
notchParam::lvl-37.txt,notchParam,-1.9478474630918339
notchParam::lvl-38.txt,notchParam,-1.602564182639777
notchParam::lvl-39.txt,notchParam,-1.7126054079165374
notchParam::lvl-4.txt,notchParam,-1.1598905394754497
notchParam::lvl-40.txt,notchParam,-1.4288469484621644
notchParam::lvl-41.txt,notchParam,-1.4960174595939018
notchParam::lvl-42.txt,notchParam,-1.3298216570367085
notchParam::lvl-43.txt,notchParam,-1.3855003082454038
notchParam::lvl-44.txt,notchParam,-1.1379541749171462
notchParam::lvl-45.txt,notchParam,-1.4369734699065668
notchParam::lvl-46.txt,notchParam,-1.3927947216853527
notchParam::lvl-47.txt,notchParam,-1.0188394838692783
notchParam::lvl-48.txt,notchParam,-0.6720094357560521
notchParam::lvl-49.txt,notchParam,-1.5447873654669615
notchParam::lvl-5.txt,notchParam,-1.4288447487778722
notchParam::lvl-50.txt,notchParam,-1.0945423556566327
notchParam::lvl-51.txt,notchParam,-1.4134366729498866
notchParam::lvl-52.txt,notchParam,-1.6076247905610797
notchParam::lvl-53.txt,notchParam,-1.2028865752729379
notchParam::lvl-54.txt,notchParam,-1.4351291218931208
notchParam::lvl-55.txt,notchParam,-1.0779136249155294
notchParam::lvl-56.txt,notchParam,-1.352462707101585
notchParam::lvl-57.txt,notchParam,-1.2847519541011572
notchParam::lvl-58.txt,notchParam,-1.4276755424068037
notchParam::lvl-59.txt,notchParam,-0.9729573329138461
notchParam::lvl-6.txt,notchParam,-1.116576210571471
notchParam::lvl-60.txt,notchParam,-1.4519795161440414
notchParam::lvl-61.txt,notchParam,-0.9726493870298342
notchParam::lvl-62.txt,notchParam,-1.5227341437599813
notchParam::lvl-63.txt,notchParam,-1.3020757814642063
notchParam::lvl-64.txt,notchParam,-1.1046377124042026
notchParam::lvl-65.txt,notchParam,-1.041739383316526
notchParam::lvl-66.txt,notchParam,-1.5132900516835914
notchParam::lvl-67.txt,notchParam,-1.3747512451214678
notchParam::lvl-68.txt,notchParam,-1.7331750086611368
notchParam::lvl-69.txt,notchParam,-1.7677205704540446
notchParam::lvl-7.txt,notchParam,-1.3742725545938188
notchParam::lvl-70.txt,notchParam,-1.4199980985960026
notchParam::lvl-71.txt,notchParam,-1.0061169175065678
notchParam::lvl-72.txt,notchParam,-1.1168695723676225
notchParam::lvl-73.txt,notchParam,-1.215508853355606
notchParam::lvl-74.txt,notchParam,-1.2869282439792156
notchParam::lvl-75.txt,notchParam,-1.0619538698410604
notchParam::lvl-76.txt,notchParam,-0.8632446915560168
notchParam::lvl-77.txt,notchParam,-1.6170613214435976
notchParam::lvl-78.txt,notchParam,-1.1987011845484534
notchParam::lvl-79.txt,notchParam,-1.1945209777841417
notchParam::lvl-8.txt,notchParam,-1.1856028739664795
notchParam::lvl-80.txt,notchParam,-1.1283527677746332
notchParam::lvl-81.txt,notchParam,-1.3156902326467645
notchParam::lvl-82.txt,notchParam,-1.2357777775126426
notchParam::lvl-83.txt,notchParam,-1.0594850967403602
notchParam::lvl-84.txt,notchParam,-1.361359990128596
notchParam::lvl-85.txt,notchParam,-1.333615493746052
notchParam::lvl-86.txt,notchParam,-1.1307622474140948
notchParam::lvl-87.txt,notchParam,-1.5285024566295249
notchParam::lvl-88.txt,notchParam,-1.5858885099687636
notchParam::lvl-89.txt,notchParam,-1.3476571059285838
notchParam::lvl-9.txt,notchParam,-1.3528307812651141
notchParam::lvl-90.txt,notchParam,-1.3330383829599584
notchParam::lvl-91.txt,notchParam,-1.360358134102209
notchParam::lvl-92.txt,notchParam,-1.4955126738649231
notchParam::lvl-93.txt,notchParam,-1.3217308973716162
notchParam::lvl-94.txt,notchParam,-0.9543107527422163
notchParam::lvl-95.txt,notchParam,-0.956097223241032
notchParam::lvl-96.txt,notchParam,-1.2488847666616167
notchParam::lvl-97.txt,notchParam,-1.5698184263217196
notchParam::lvl-98.txt,notchParam,-1.593683556019991
notchParam::lvl-99.txt,notchParam,-1.587868062788461
notchParamRand::lvl-1.txt,notchParamRand,-1.1770164940829184
notchParamRand::lvl-10.txt,notchParamRand,-1.0184991359358604
notchParamRand::lvl-100.txt,notchParamRand,-1.8368255286725845
notchParamRand::lvl-11.txt,notchParamRand,-1.4114743878268698
notchParamRand::lvl-12.txt,notchParamRand,-1.1288684451781166
notchParamRand::lvl-13.txt,notchParamRand,-1.870585156867038
notchParamRand::lvl-14.txt,notchParamRand,-1.3870683808212216
notchParamRand::lvl-15.txt,notchParamRand,-0.948485783339728
notchParamRand::lvl-16.txt,notchParamRand,-1.1079457225598597
notchParamRand::lvl-17.txt,notchParamRand,-0.8503861429551355
notchParamRand::lvl-18.txt,notchParamRand,-1.0595087997115278
notchParamRand::lvl-19.txt,notchParamRand,-1.2301157923154096
notchParamRand::lvl-2.txt,notchParamRand,-1.7126080359890477
notchParamRand::lvl-20.txt,notchParamRand,-1.2760881364887158
notchParamRand::lvl-21.txt,notchParamRand,-0.8639752525705892
notchParamRand::lvl-22.txt,notchParamRand,-1.0214778849067623
notchParamRand::lvl-23.txt,notchParamRand,-1.261635281678285
notchParamRand::lvl-24.txt,notchParamRand,-1.4778648509408336
notchParamRand::lvl-25.txt,notchParamRand,-1.199840165681274
notchParamRand::lvl-26.txt,notchParamRand,-0.8647405232390917
notchParamRand::lvl-27.txt,notchParamRand,-1.4552367785912823
notchParamRand::lvl-28.txt,notchParamRand,-1.5503407551815824
notchParamRand::lvl-29.txt,notchParamRand,-1.4492948422186576
notchParamRand::lvl-3.txt,notchParamRand,-1.6911986175104041
notchParamRand::lvl-30.txt,notchParamRand,-1.137947438344218
notchParamRand::lvl-31.txt,notchParamRand,-0.8591896896945621
notchParamRand::lvl-32.txt,notchParamRand,-1.6006491027948884
notchParamRand::lvl-33.txt,notchParamRand,-0.9326347928437357
notchParamRand::lvl-34.txt,notchParamRand,-1.333885908989463
notchParamRand::lvl-35.txt,notchParamRand,-1.8843421429615541
notchParamRand::lvl-36.txt,notchParamRand,-0.979078296160952
notchParamRand::lvl-37.txt,notchParamRand,-1.2525621931665851
notchParamRand::lvl-38.txt,notchParamRand,-1.6060817331068653
notchParamRand::lvl-39.txt,notchParamRand,-1.1563594068402896
notchParamRand::lvl-4.txt,notchParamRand,-1.684011296619171
notchParamRand::lvl-40.txt,notchParamRand,-1.257846614593492
notchParamRand::lvl-41.txt,notchParamRand,-1.6386699646163878
notchParamRand::lvl-42.txt,notchParamRand,-1.1067499733067567
notchParamRand::lvl-43.txt,notchParamRand,-1.7619649789952943
notchParamRand::lvl-44.txt,notchParamRand,-0.58867854510961
notchParamRand::lvl-45.txt,notchParamRand,-1.0394029353002678
notchParamRand::lvl-46.txt,notchParamRand,-1.2482787840697411
notchParamRand::lvl-47.txt,notchParamRand,-1.362215547911514
notchParamRand::lvl-48.txt,notchParamRand,-1.7261829124194343
notchParamRand::lvl-49.txt,notchParamRand,-1.4032634851427686
notchParamRand::lvl-5.txt,notchParamRand,-1.7812189987103355
notchParamRand::lvl-50.txt,notchParamRand,-1.2753513748185878
notchParamRand::lvl-51.txt,notchParamRand,-1.0397512900167374
notchParamRand::lvl-52.txt,notchParamRand,-1.1589851799183541
notchParamRand::lvl-53.txt,notchParamRand,-1.4726393217347904
notchParamRand::lvl-54.txt,notchParamRand,-0.9341008338360298
notchParamRand::lvl-55.txt,notchParamRand,-1.0506135523296447
notchParamRand::lvl-56.txt,notchParamRand,-1.4858705490533224
notchParamRand::lvl-57.txt,notchParamRand,-1.4841539379099151
notchParamRand::lvl-58.txt,notchParamRand,-1.5889903888033585
notchParamRand::lvl-59.txt,notchParamRand,-1.3705645332621255
notchParamRand::lvl-6.txt,notchParamRand,-1.3742407763365352
notchParamRand::lvl-60.txt,notchParamRand,-1.2118352765841403
notchParamRand::lvl-61.txt,notchParamRand,-1.3364833703478742
notchParamRand::lvl-62.txt,notchParamRand,-1.189598376570636
notchParamRand::lvl-63.txt,notchParamRand,-1.4099600848888811
notchParamRand::lvl-64.txt,notchParamRand,-1.3311236425702841
notchParamRand::lvl-65.txt,notchParamRand,-1.4707781737047867
notchParamRand::lvl-66.txt,notchParamRand,-1.471800747993592
notchParamRand::lvl-67.txt,notchParamRand,-1.1907258994162804
notchParamRand::lvl-68.txt,notchParamRand,-1.142705879724211
notchParamRand::lvl-69.txt,notchParamRand,-1.4196758646824266
notchParamRand::lvl-7.txt,notchParamRand,-1.5838020962522779
notchParamRand::lvl-70.txt,notchParamRand,-1.451676585980866
notchParamRand::lvl-71.txt,notchParamRand,-1.2811815011925514
notchParamRand::lvl-72.txt,notchParamRand,-1.2259722510869684
notchParamRand::lvl-73.txt,notchParamRand,-0.9006371635629317
notchParamRand::lvl-74.txt,notchParamRand,-1.300942089483672
notchParamRand::lvl-75.txt,notchParamRand,-1.2167161612719068
notchParamRand::lvl-76.txt,notchParamRand,-0.9226183281639404
notchParamRand::lvl-77.txt,notchParamRand,-1.433200818498662
notchParamRand::lvl-78.txt,notchParamRand,-1.4986480198393932
notchParamRand::lvl-79.txt,notchParamRand,-0.779113221621152
notchParamRand::lvl-8.txt,notchParamRand,-1.7333620657626891
notchParamRand::lvl-80.txt,notchParamRand,-1.4612450092297526
notchParamRand::lvl-81.txt,notchParamRand,-1.0965802791709875
notchParamRand::lvl-82.txt,notchParamRand,-1.4613538932432015
notchParamRand::lvl-83.txt,notchParamRand,-1.3203994965734882
notchParamRand::lvl-84.txt,notchParamRand,-1.1681523838776402
notchParamRand::lvl-85.txt,notchParamRand,-2.3278389128512975
notchParamRand::lvl-86.txt,notchParamRand,-0.6820071099186185
notchParamRand::lvl-87.txt,notchParamRand,-1.3716152937223007
notchParamRand::lvl-88.txt,notchParamRand,-0.9326591701247671
notchParamRand::lvl-89.txt,notchParamRand,-1.0612410269327668
notchParamRand::lvl-9.txt,notchParamRand,-1.2226926551771968
notchParamRand::lvl-90.txt,notchParamRand,-1.6758792625610985
notchParamRand::lvl-91.txt,notchParamRand,-1.190061889839546
notchParamRand::lvl-92.txt,notchParamRand,-0.8830384511345988
notchParamRand::lvl-93.txt,notchParamRand,-1.08869732243682
notchParamRand::lvl-94.txt,notchParamRand,-1.3335561227820896
notchParamRand::lvl-95.txt,notchParamRand,-2.0269164530409287
notchParamRand::lvl-96.txt,notchParamRand,-0.8715724388027469
notchParamRand::lvl-97.txt,notchParamRand,-1.1688829381387074
notchParamRand::lvl-98.txt,notchParamRand,-1.4746430565834625
notchParamRand::lvl-99.txt,notchParamRand,-1.065039806162393
ore::lvl-1.txt,ore,0.5935427179152929
ore::lvl-10.txt,ore,0.7107792154238357
ore::lvl-100.txt,ore,0.6844556982642725
ore::lvl-11.txt,ore,1.4979408383677175
ore::lvl-12.txt,ore,0.21495028210308564
ore::lvl-13.txt,ore,0.7409553857576783
ore::lvl-14.txt,ore,0.9534319116343118
ore::lvl-15.txt,ore,0.6421149426520271
ore::lvl-16.txt,ore,0.8458549433458589
ore::lvl-17.txt,ore,1.151756022669469
ore::lvl-18.txt,ore,0.2906112707355455
ore::lvl-19.txt,ore,0.3546383886964151
ore::lvl-2.txt,ore,0.8779969866318844
ore::lvl-20.txt,ore,0.5849107220709893
ore::lvl-21.txt,ore,0.8497686850685282
ore::lvl-22.txt,ore,0.39499800276028096
ore::lvl-23.txt,ore,0.31978064064725614
ore::lvl-24.txt,ore,0.6608654098122951
ore::lvl-25.txt,ore,1.0676684819488267
ore::lvl-26.txt,ore,0.853055532533818
ore::lvl-27.txt,ore,0.8092405861657869
ore::lvl-28.txt,ore,0.38915913499316906
ore::lvl-29.txt,ore,0.35416563106128
ore::lvl-3.txt,ore,0.48424031128828465
ore::lvl-30.txt,ore,-0.024371499061227257
ore::lvl-31.txt,ore,0.8325921284229186
ore::lvl-32.txt,ore,0.7053491359964402
ore::lvl-33.txt,ore,1.1374345952555753
ore::lvl-34.txt,ore,0.7543131737015536
ore::lvl-35.txt,ore,0.39537249096513233
ore::lvl-36.txt,ore,0.754071732687962
ore::lvl-37.txt,ore,1.1887282868474793
ore::lvl-38.txt,ore,0.6283728423669829
ore::lvl-39.txt,ore,1.0647453320546172
ore::lvl-4.txt,ore,1.3173572539024527
ore::lvl-40.txt,ore,1.0862330875165263
ore::lvl-41.txt,ore,0.972473450076014
ore::lvl-42.txt,ore,0.4911847781679596
ore::lvl-43.txt,ore,0.22724105434067704
ore::lvl-44.txt,ore,1.2552801582656175
ore::lvl-45.txt,ore,1.1664409259494917
ore::lvl-46.txt,ore,0.10967347987895883
ore::lvl-47.txt,ore,1.2028217426606866
ore::lvl-48.txt,ore,0.6493084246436905
ore::lvl-49.txt,ore,0.8432767345246963
ore::lvl-5.txt,ore,1.0967729141894667
ore::lvl-50.txt,ore,0.32224630868061666
ore::lvl-51.txt,ore,0.8192089428615704
ore::lvl-52.txt,ore,0.8793037367492661
ore::lvl-53.txt,ore,1.3303121892719132
ore::lvl-54.txt,ore,1.3582182519855792
ore::lvl-55.txt,ore,0.9064514020472567
ore::lvl-56.txt,ore,1.0844805332715741
ore::lvl-57.txt,ore,1.270085466769859
ore::lvl-58.txt,ore,0.42045517271094834
ore::lvl-59.txt,ore,1.4573340906509666
ore::lvl-6.txt,ore,0.8599524383896512
ore::lvl-60.txt,ore,1.324352671021295
ore::lvl-61.txt,ore,0.9542092900244418
ore::lvl-62.txt,ore,0.05115114781147057
ore::lvl-63.txt,ore,0.7529348766523497
ore::lvl-64.txt,ore,0.3120840412058272
ore::lvl-65.txt,ore,0.32046803131256646
ore::lvl-66.txt,ore,1.2099747415872517
ore::lvl-67.txt,ore,0.5330179391898586
ore::lvl-68.txt,ore,0.9053809855663445
ore::lvl-69.txt,ore,1.2683652302419492
ore::lvl-7.txt,ore,0.2683691445198633
ore::lvl-70.txt,ore,1.6376798976773765
ore::lvl-71.txt,ore,0.6665041590474172
ore::lvl-72.txt,ore,0.6200748413299385
ore::lvl-73.txt,ore,1.1473186663786137
ore::lvl-74.txt,ore,1.1500004107336081
ore::lvl-75.txt,ore,1.2003850791593542
ore::lvl-76.txt,ore,0.3524354798178776
ore::lvl-77.txt,ore,0.7625898561070171
ore::lvl-78.txt,ore,0.8028038027017487
ore::lvl-79.txt,ore,0.4304879820269211
ore::lvl-8.txt,ore,1.111744498587413
ore::lvl-80.txt,ore,0.3209888124834261
ore::lvl-81.txt,ore,0.44017508140010064
ore::lvl-82.txt,ore,0.9352492015811008
ore::lvl-83.txt,ore,0.4367598779463424
ore::lvl-84.txt,ore,0.38262380142943203
ore::lvl-85.txt,ore,0.4487859253335163
ore::lvl-86.txt,ore,0.3416467628577522
ore::lvl-87.txt,ore,0.4835670606894016
ore::lvl-88.txt,ore,0.2601353812809037
ore::lvl-89.txt,ore,1.3119155476728481
ore::lvl-9.txt,ore,0.16628101499744707
ore::lvl-90.txt,ore,1.2683723323626015
ore::lvl-91.txt,ore,0.30973895990910333
ore::lvl-92.txt,ore,0.7815349709888944
ore::lvl-93.txt,ore,1.0437648061689655
ore::lvl-94.txt,ore,1.22933827463181
ore::lvl-95.txt,ore,1.444470450416583
ore::lvl-96.txt,ore,0.2822330600511039
ore::lvl-97.txt,ore,0.38841537094762374
ore::lvl-98.txt,ore,0.6143193824244046
ore::lvl-99.txt,ore,1.5364297499589554
original::lvl-1.txt,original,2.106993972705179
original::lvl-10.txt,original,3.868119249628147
original::lvl-11.txt,original,4.189016200568801
original::lvl-12.txt,original,2.590791002601772
original::lvl-13.txt,original,2.3389445866775107
original::lvl-14.txt,original,2.5297059616269824
original::lvl-15.txt,original,-7.8231912289710905
original::lvl-2.txt,original,3.2135170015764034
original::lvl-3.txt,original,3.521907229651271
original::lvl-4.txt,original,2.9313902281785564
original::lvl-5.txt,original,3.0256935030323917
original::lvl-6.txt,original,4.122804928335005
original::lvl-7.txt,original,-0.15588605298426259
original::lvl-8.txt,original,1.4786197559387033
original::lvl-9.txt,original,0.18067299158857572
patternCount::lvl-1.txt,patternCount,-1.8967688476827982
patternCount::lvl-10.txt,patternCount,-1.6077610575654442
patternCount::lvl-100.txt,patternCount,-1.6708392782754675
patternCount::lvl-11.txt,patternCount,-2.1691584423504477
patternCount::lvl-12.txt,patternCount,-1.658583351614137
patternCount::lvl-13.txt,patternCount,-2.428781124125033
patternCount::lvl-14.txt,patternCount,-2.145550134960968
patternCount::lvl-15.txt,patternCount,-1.2905397168695065
patternCount::lvl-16.txt,patternCount,-1.6890175494294146
patternCount::lvl-17.txt,patternCount,-1.5823337456724067
patternCount::lvl-18.txt,patternCount,-1.4838731915144467
patternCount::lvl-19.txt,patternCount,-1.7425908011824203
patternCount::lvl-2.txt,patternCount,-1.6419252730107463
patternCount::lvl-20.txt,patternCount,-0.9050545315344851
patternCount::lvl-21.txt,patternCount,-1.7145469358066079
patternCount::lvl-22.txt,patternCount,-1.6799203889265673
patternCount::lvl-23.txt,patternCount,-1.9593198787747452
patternCount::lvl-24.txt,patternCount,-2.2596789962177253
patternCount::lvl-25.txt,patternCount,-1.5263692435779614
patternCount::lvl-26.txt,patternCount,-2.0407769990373814
patternCount::lvl-27.txt,patternCount,-2.0220803542987285
patternCount::lvl-28.txt,patternCount,-1.903630754890633
patternCount::lvl-29.txt,patternCount,-1.5520268696663486
patternCount::lvl-3.txt,patternCount,-2.4262684627189106
patternCount::lvl-30.txt,patternCount,-1.5119679531816694
patternCount::lvl-31.txt,patternCount,-2.4584321791668415
patternCount::lvl-32.txt,patternCount,-2.6469580463302487
patternCount::lvl-33.txt,patternCount,-3.206342068959827
patternCount::lvl-34.txt,patternCount,-3.359608150685285
patternCount::lvl-35.txt,patternCount,-1.396670901351209
patternCount::lvl-36.txt,patternCount,-3.0337800724559174
patternCount::lvl-37.txt,patternCount,-1.6530747223294502
patternCount::lvl-38.txt,patternCount,-3.4044513244418826
patternCount::lvl-39.txt,patternCount,-2.213601612255614
patternCount::lvl-4.txt,patternCount,-1.9854078272860398
patternCount::lvl-40.txt,patternCount,-2.144833740119426
patternCount::lvl-41.txt,patternCount,-1.6030160864113763
patternCount::lvl-42.txt,patternCount,-1.6922746661148134
patternCount::lvl-43.txt,patternCount,-1.8525299833324809
patternCount::lvl-44.txt,patternCount,-1.9320071462932402
patternCount::lvl-45.txt,patternCount,-2.1108522128375173
patternCount::lvl-46.txt,patternCount,-2.1860361939968103
patternCount::lvl-47.txt,patternCount,-2.34394728731919
patternCount::lvl-48.txt,patternCount,-1.5821568645328166
patternCount::lvl-49.txt,patternCount,-2.5122023990598583
patternCount::lvl-5.txt,patternCount,-1.9358441225065635
patternCount::lvl-50.txt,patternCount,-1.8383419283199232
patternCount::lvl-51.txt,patternCount,-2.727114215093303
patternCount::lvl-52.txt,patternCount,-1.9240655023295428
patternCount::lvl-53.txt,patternCount,-1.4279516412056588
patternCount::lvl-54.txt,patternCount,-1.810459177795467
patternCount::lvl-55.txt,patternCount,-2.381917819025475
patternCount::lvl-56.txt,patternCount,-1.5452046154197747
patternCount::lvl-57.txt,patternCount,-1.809929665653938
patternCount::lvl-58.txt,patternCount,-1.4306222799910673
patternCount::lvl-59.txt,patternCount,-1.8246471384268497
patternCount::lvl-6.txt,patternCount,-0.8878729945754055
patternCount::lvl-60.txt,patternCount,-2.2714094221577916
patternCount::lvl-61.txt,patternCount,-2.264311835942539
patternCount::lvl-62.txt,patternCount,-2.023836079382563
patternCount::lvl-63.txt,patternCount,-1.5308918162939562
patternCount::lvl-64.txt,patternCount,-2.0083881484345114
patternCount::lvl-65.txt,patternCount,-1.9737633434277657
patternCount::lvl-66.txt,patternCount,-1.7559276159797328
patternCount::lvl-67.txt,patternCount,-1.8018962946582462
patternCount::lvl-68.txt,patternCount,-1.8164275534164946
patternCount::lvl-69.txt,patternCount,-1.7317309282081002
patternCount::lvl-7.txt,patternCount,-2.0133839558398288
patternCount::lvl-70.txt,patternCount,-0.9136252028422497
patternCount::lvl-71.txt,patternCount,-1.773684139534022
patternCount::lvl-72.txt,patternCount,-2.2590263778975586
patternCount::lvl-73.txt,patternCount,-2.317425275656951
patternCount::lvl-74.txt,patternCount,-2.606879953307699
patternCount::lvl-75.txt,patternCount,-1.8337139954616652
patternCount::lvl-76.txt,patternCount,-1.3017299088075918
patternCount::lvl-77.txt,patternCount,-1.87691421468847
patternCount::lvl-78.txt,patternCount,-1.566411709454327
patternCount::lvl-79.txt,patternCount,-1.8124334744064206
patternCount::lvl-8.txt,patternCount,-1.9378397346934104
patternCount::lvl-80.txt,patternCount,-2.8329387667584003
patternCount::lvl-81.txt,patternCount,-1.5709652828386051
patternCount::lvl-82.txt,patternCount,-1.3753190114770144
patternCount::lvl-83.txt,patternCount,-2.427096521143998
patternCount::lvl-84.txt,patternCount,-1.9558862208613847
patternCount::lvl-85.txt,patternCount,-1.7353940659518243
patternCount::lvl-86.txt,patternCount,-1.7196962285705364
patternCount::lvl-87.txt,patternCount,-1.6021242743095978
patternCount::lvl-88.txt,patternCount,-1.909387193816811
patternCount::lvl-89.txt,patternCount,-1.7383926974490975
patternCount::lvl-9.txt,patternCount,-1.9609515374403788
patternCount::lvl-90.txt,patternCount,-1.6927989994871646
patternCount::lvl-91.txt,patternCount,-2.260835253562753
patternCount::lvl-92.txt,patternCount,-1.860432034160998
patternCount::lvl-93.txt,patternCount,-1.7930495452071809
patternCount::lvl-94.txt,patternCount,-1.9996081662376735
patternCount::lvl-95.txt,patternCount,-1.5254424101224076
patternCount::lvl-96.txt,patternCount,-3.790413775991372
patternCount::lvl-97.txt,patternCount,-1.2945851309257939
patternCount::lvl-98.txt,patternCount,-1.855226082741103
patternCount::lvl-99.txt,patternCount,-1.9311291798039039
patternOccur::lvl-1.txt,patternOccur,-1.5046069742800232
patternOccur::lvl-10.txt,patternOccur,-1.579373513239885
patternOccur::lvl-100.txt,patternOccur,-1.1269595416209506
patternOccur::lvl-11.txt,patternOccur,-1.698643169781187
patternOccur::lvl-12.txt,patternOccur,-1.726525114376293
patternOccur::lvl-13.txt,patternOccur,-1.2212115113314865
patternOccur::lvl-14.txt,patternOccur,-1.3329238229193967
patternOccur::lvl-15.txt,patternOccur,-0.9818009824354458
patternOccur::lvl-16.txt,patternOccur,-1.2323669963005282
patternOccur::lvl-17.txt,patternOccur,-1.5465180459868617
patternOccur::lvl-18.txt,patternOccur,-1.51532494317725
patternOccur::lvl-19.txt,patternOccur,-1.7720901183605344
patternOccur::lvl-2.txt,patternOccur,-1.3088288494827243
patternOccur::lvl-20.txt,patternOccur,-1.437664054133779
patternOccur::lvl-21.txt,patternOccur,-1.5217105234641128
patternOccur::lvl-22.txt,patternOccur,-1.4726510169123286
patternOccur::lvl-23.txt,patternOccur,-0.8829726261703289
patternOccur::lvl-24.txt,patternOccur,-1.560058052559849
patternOccur::lvl-25.txt,patternOccur,-1.4683404224364343
patternOccur::lvl-26.txt,patternOccur,-1.1703849802947255
patternOccur::lvl-27.txt,patternOccur,-1.1099006480166793
patternOccur::lvl-28.txt,patternOccur,-1.709660789327382
patternOccur::lvl-29.txt,patternOccur,-1.4523987456573726
patternOccur::lvl-3.txt,patternOccur,-1.3269887688229112
patternOccur::lvl-30.txt,patternOccur,-1.4145958392559805
patternOccur::lvl-31.txt,patternOccur,-1.2881634576966168
patternOccur::lvl-32.txt,patternOccur,-1.2420405230321865
patternOccur::lvl-33.txt,patternOccur,-1.2430517792922589
patternOccur::lvl-34.txt,patternOccur,-1.735638008697666
patternOccur::lvl-35.txt,patternOccur,-1.389280187438869
patternOccur::lvl-36.txt,patternOccur,-1.3194060464153052
patternOccur::lvl-37.txt,patternOccur,-1.8092460937432802
patternOccur::lvl-38.txt,patternOccur,-1.4873263111857051
patternOccur::lvl-39.txt,patternOccur,-1.5404311106389676
patternOccur::lvl-4.txt,patternOccur,-1.626055926335787
patternOccur::lvl-40.txt,patternOccur,-1.4336052531169947
patternOccur::lvl-41.txt,patternOccur,-1.3709277285207053
patternOccur::lvl-42.txt,patternOccur,-1.374593566918029
patternOccur::lvl-43.txt,patternOccur,-1.4402292156303134
patternOccur::lvl-44.txt,patternOccur,-0.8784123185286413
patternOccur::lvl-45.txt,patternOccur,-1.1577095425830521
patternOccur::lvl-46.txt,patternOccur,-1.1374703371249555
patternOccur::lvl-47.txt,patternOccur,-1.606718855339012
patternOccur::lvl-48.txt,patternOccur,-1.4458318445436409
patternOccur::lvl-49.txt,patternOccur,-1.1264220522617159
patternOccur::lvl-5.txt,patternOccur,-1.343463417975151
patternOccur::lvl-50.txt,patternOccur,-1.349450303623494
patternOccur::lvl-51.txt,patternOccur,-1.5093166416915222
patternOccur::lvl-52.txt,patternOccur,-1.6702740001691039
patternOccur::lvl-53.txt,patternOccur,-1.3457222963748732
patternOccur::lvl-54.txt,patternOccur,-1.5919338709264035
patternOccur::lvl-55.txt,patternOccur,-1.2471150347540856
patternOccur::lvl-56.txt,patternOccur,-1.2519347351733263
patternOccur::lvl-57.txt,patternOccur,-1.4430997161441883
patternOccur::lvl-58.txt,patternOccur,-1.4202447434479688
patternOccur::lvl-59.txt,patternOccur,-1.3222863728248997
patternOccur::lvl-6.txt,patternOccur,-1.2701727616345004
patternOccur::lvl-60.txt,patternOccur,-1.454830302244338
patternOccur::lvl-61.txt,patternOccur,-1.5264348077854233
patternOccur::lvl-62.txt,patternOccur,-1.2173092051387104
patternOccur::lvl-63.txt,patternOccur,-1.4302825390288145
patternOccur::lvl-64.txt,patternOccur,-1.761533613956546
patternOccur::lvl-65.txt,patternOccur,-1.5013145187869452
patternOccur::lvl-66.txt,patternOccur,-1.4997279964595636
patternOccur::lvl-67.txt,patternOccur,-1.4544786228162498
patternOccur::lvl-68.txt,patternOccur,-1.5819249410610912
patternOccur::lvl-69.txt,patternOccur,-1.1068874629214094
patternOccur::lvl-7.txt,patternOccur,-1.3438954641427692
patternOccur::lvl-70.txt,patternOccur,-1.882757466928616
patternOccur::lvl-71.txt,patternOccur,-1.62152789253764
patternOccur::lvl-72.txt,patternOccur,-1.6395144922397493
patternOccur::lvl-73.txt,patternOccur,-1.5787160913960305
patternOccur::lvl-74.txt,patternOccur,-1.7407018318181335
patternOccur::lvl-75.txt,patternOccur,-1.467385262598727
patternOccur::lvl-76.txt,patternOccur,-1.5554513400100123
patternOccur::lvl-77.txt,patternOccur,-1.3014835420985893
patternOccur::lvl-78.txt,patternOccur,-1.3268505403902546
patternOccur::lvl-79.txt,patternOccur,-1.5500829413507518
patternOccur::lvl-8.txt,patternOccur,-1.3812644875501687
patternOccur::lvl-80.txt,patternOccur,-1.5834966187027844
patternOccur::lvl-81.txt,patternOccur,-1.2037532436487834
patternOccur::lvl-82.txt,patternOccur,-1.50581166357755
patternOccur::lvl-83.txt,patternOccur,-1.1361655118439669
patternOccur::lvl-84.txt,patternOccur,-1.279763940132763
patternOccur::lvl-85.txt,patternOccur,-1.4469247843847521
patternOccur::lvl-86.txt,patternOccur,-1.6549409718789931
patternOccur::lvl-87.txt,patternOccur,-1.6600599361882142
patternOccur::lvl-88.txt,patternOccur,-1.511516988328943
patternOccur::lvl-89.txt,patternOccur,-1.5000488422599707
patternOccur::lvl-9.txt,patternOccur,-1.4862238937945447
patternOccur::lvl-90.txt,patternOccur,-1.4248730023163332
patternOccur::lvl-91.txt,patternOccur,-1.3435778785842867
patternOccur::lvl-92.txt,patternOccur,-1.401053842021457
patternOccur::lvl-93.txt,patternOccur,-1.4420511279911767
patternOccur::lvl-94.txt,patternOccur,-1.3344329970086715
patternOccur::lvl-95.txt,patternOccur,-1.4947484074646424
patternOccur::lvl-96.txt,patternOccur,-1.4429090476338717
patternOccur::lvl-97.txt,patternOccur,-1.3857716471863608
patternOccur::lvl-98.txt,patternOccur,-1.430084290814153
patternOccur::lvl-99.txt,patternOccur,-1.1749156942033248
patternWeightCount::lvl-1.txt,patternWeightCount,-2.006579063342434
patternWeightCount::lvl-10.txt,patternWeightCount,-1.233434056184315
patternWeightCount::lvl-100.txt,patternWeightCount,-0.9997762391121886
patternWeightCount::lvl-11.txt,patternWeightCount,-1.0070836929346823
patternWeightCount::lvl-12.txt,patternWeightCount,-1.2946317403816443
patternWeightCount::lvl-13.txt,patternWeightCount,-1.13501577861301
patternWeightCount::lvl-14.txt,patternWeightCount,-1.4399688964008488
patternWeightCount::lvl-15.txt,patternWeightCount,-0.47987457995575983
patternWeightCount::lvl-16.txt,patternWeightCount,-1.7443992266290538
patternWeightCount::lvl-17.txt,patternWeightCount,-1.3780503051616604
patternWeightCount::lvl-18.txt,patternWeightCount,-1.0430985178409786
patternWeightCount::lvl-19.txt,patternWeightCount,-1.2246546559871487
patternWeightCount::lvl-2.txt,patternWeightCount,-1.851954894148474
patternWeightCount::lvl-20.txt,patternWeightCount,-0.7818220847109328
patternWeightCount::lvl-21.txt,patternWeightCount,-1.0169212922993034
patternWeightCount::lvl-22.txt,patternWeightCount,-1.8051476303121932
patternWeightCount::lvl-23.txt,patternWeightCount,-1.7578776049332225
patternWeightCount::lvl-24.txt,patternWeightCount,-1.889145501744086
patternWeightCount::lvl-25.txt,patternWeightCount,-1.2279718687447299
patternWeightCount::lvl-26.txt,patternWeightCount,-1.4027608983549962
patternWeightCount::lvl-27.txt,patternWeightCount,-1.478212449640457
patternWeightCount::lvl-28.txt,patternWeightCount,-1.215320015411163
patternWeightCount::lvl-29.txt,patternWeightCount,-1.0008156208695957
patternWeightCount::lvl-3.txt,patternWeightCount,-0.8244786373976053
patternWeightCount::lvl-30.txt,patternWeightCount,-1.426887785299951
patternWeightCount::lvl-31.txt,patternWeightCount,-0.8547376163677768
patternWeightCount::lvl-32.txt,patternWeightCount,-1.3699247650586122
patternWeightCount::lvl-33.txt,patternWeightCount,-1.3896703742512633
patternWeightCount::lvl-34.txt,patternWeightCount,-1.1764446269392446
patternWeightCount::lvl-35.txt,patternWeightCount,-1.3551706084533568
patternWeightCount::lvl-36.txt,patternWeightCount,-1.4906762874354227
patternWeightCount::lvl-37.txt,patternWeightCount,-1.1619884740349107
patternWeightCount::lvl-38.txt,patternWeightCount,-1.572801556411698
patternWeightCount::lvl-39.txt,patternWeightCount,-0.9816907993952916
patternWeightCount::lvl-4.txt,patternWeightCount,-1.516422823128768
patternWeightCount::lvl-40.txt,patternWeightCount,-1.2913272467921715
patternWeightCount::lvl-41.txt,patternWeightCount,-1.5905066312923266
patternWeightCount::lvl-42.txt,patternWeightCount,-1.340921408874224
patternWeightCount::lvl-43.txt,patternWeightCount,-1.2489867892028983
patternWeightCount::lvl-44.txt,patternWeightCount,-1.4106785024710926
patternWeightCount::lvl-45.txt,patternWeightCount,-1.2204493076371272
patternWeightCount::lvl-46.txt,patternWeightCount,-1.3794738984762014
patternWeightCount::lvl-47.txt,patternWeightCount,-1.142733476715408
patternWeightCount::lvl-48.txt,patternWeightCount,-1.0658470520709875
patternWeightCount::lvl-49.txt,patternWeightCount,-0.6464721692031088
patternWeightCount::lvl-5.txt,patternWeightCount,-1.1781661057573911
patternWeightCount::lvl-50.txt,patternWeightCount,-0.21827439448084301
patternWeightCount::lvl-51.txt,patternWeightCount,-0.6599718234333396
patternWeightCount::lvl-52.txt,patternWeightCount,-1.3848801059990326
patternWeightCount::lvl-53.txt,patternWeightCount,-1.395338076244535
patternWeightCount::lvl-54.txt,patternWeightCount,-1.2710673983440288
patternWeightCount::lvl-55.txt,patternWeightCount,-1.1248302013323475
patternWeightCount::lvl-56.txt,patternWeightCount,-1.0456432984205717
patternWeightCount::lvl-57.txt,patternWeightCount,-1.4595665731516965
patternWeightCount::lvl-58.txt,patternWeightCount,-1.7025612714459373
patternWeightCount::lvl-59.txt,patternWeightCount,-1.257158715292711
patternWeightCount::lvl-6.txt,patternWeightCount,-1.3701111585939176
patternWeightCount::lvl-60.txt,patternWeightCount,-1.4946088475228176
patternWeightCount::lvl-61.txt,patternWeightCount,-1.6960889769417447
patternWeightCount::lvl-62.txt,patternWeightCount,-1.609652449475083
patternWeightCount::lvl-63.txt,patternWeightCount,-1.1931219000647022
patternWeightCount::lvl-64.txt,patternWeightCount,-1.4825042929372994
patternWeightCount::lvl-65.txt,patternWeightCount,-1.3336665439210056
patternWeightCount::lvl-66.txt,patternWeightCount,-1.3628387814574678
patternWeightCount::lvl-67.txt,patternWeightCount,-1.136881518416934
patternWeightCount::lvl-68.txt,patternWeightCount,-1.2456121214102274
patternWeightCount::lvl-69.txt,patternWeightCount,-0.9723368538461541
patternWeightCount::lvl-7.txt,patternWeightCount,-1.3127327074626216
patternWeightCount::lvl-70.txt,patternWeightCount,-1.7163447300955745
patternWeightCount::lvl-71.txt,patternWeightCount,-1.7253452786436312
patternWeightCount::lvl-72.txt,patternWeightCount,-1.810132515252586
patternWeightCount::lvl-73.txt,patternWeightCount,-1.6903795984651142
patternWeightCount::lvl-74.txt,patternWeightCount,-1.5282918374163927
patternWeightCount::lvl-75.txt,patternWeightCount,-1.4243727251372564
patternWeightCount::lvl-76.txt,patternWeightCount,-1.3163252154982452
patternWeightCount::lvl-77.txt,patternWeightCount,-1.2381892842400473
patternWeightCount::lvl-78.txt,patternWeightCount,-1.4967592957253346
patternWeightCount::lvl-79.txt,patternWeightCount,-0.9267670525786909
patternWeightCount::lvl-8.txt,patternWeightCount,-0.7079288075754985
patternWeightCount::lvl-80.txt,patternWeightCount,-1.3089501886656996
patternWeightCount::lvl-81.txt,patternWeightCount,-1.5703015048875295
patternWeightCount::lvl-82.txt,patternWeightCount,-0.7112844620483137
patternWeightCount::lvl-83.txt,patternWeightCount,-1.2922725488153068
patternWeightCount::lvl-84.txt,patternWeightCount,-1.4546636980392673
patternWeightCount::lvl-85.txt,patternWeightCount,-1.6865164555912564
patternWeightCount::lvl-86.txt,patternWeightCount,-1.369048540676413
patternWeightCount::lvl-87.txt,patternWeightCount,-1.0131380035873814
patternWeightCount::lvl-88.txt,patternWeightCount,-1.3553016549708334
patternWeightCount::lvl-89.txt,patternWeightCount,-1.2926992393652483
patternWeightCount::lvl-9.txt,patternWeightCount,-1.3706278344392164
patternWeightCount::lvl-90.txt,patternWeightCount,-1.9919202409677914
patternWeightCount::lvl-91.txt,patternWeightCount,-1.4752908801955102
patternWeightCount::lvl-92.txt,patternWeightCount,-1.320352896269233
patternWeightCount::lvl-93.txt,patternWeightCount,-1.170057180623389
patternWeightCount::lvl-94.txt,patternWeightCount,-1.470219656137097
patternWeightCount::lvl-95.txt,patternWeightCount,-1.3706845929793752
patternWeightCount::lvl-96.txt,patternWeightCount,-1.3497106935313128
patternWeightCount::lvl-97.txt,patternWeightCount,-0.783211014884246
patternWeightCount::lvl-98.txt,patternWeightCount,-1.5657127092365826
patternWeightCount::lvl-99.txt,patternWeightCount,-1.3214677387213172
mariodpo::mariodpo_nintendo_0000.txt,mariodpo,0.12207136447851663
mariodpo::mariodpo_nintendo_0001.txt,mariodpo,2.2544434698786096
mariodpo::mariodpo_nintendo_0002.txt,mariodpo,2.0188467241814028
mariodpo::mariodpo_nintendo_0003.txt,mariodpo,1.9910331496100422
mariodpo::mariodpo_nintendo_0004.txt,mariodpo,2.836969532310523
mariodpo::mariodpo_nintendo_0005.txt,mariodpo,2.256065470489085
mariodpo::mariodpo_nintendo_0006.txt,mariodpo,0.7818880621240984
mariodpo::mariodpo_nintendo_0007.txt,mariodpo,2.663907453836057
mariodpo::mariodpo_nintendo_0008.txt,mariodpo,1.5800281752196954
mariodpo::mariodpo_nintendo_0009.txt,mariodpo,1.546434197882337
mariodpo::mariodpo_nintendo_0010.txt,mariodpo,2.0989957259353327
mariodpo::mariodpo_nintendo_0011.txt,mariodpo,0.9631021704762648
mariodpo::mariodpo_nintendo_0012.txt,mariodpo,2.705116574897842
mariodpo::mariodpo_nintendo_0013.txt,mariodpo,1.401968480364768
mariodpo::mariodpo_nintendo_0014.txt,mariodpo,2.1336373991777915
mariodpo::mariodpo_nintendo_0015.txt,mariodpo,3.1948316151498477
mariodpo::mariodpo_nintendo_0016.txt,mariodpo,0.3785441118043197
mariodpo::mariodpo_nintendo_0017.txt,mariodpo,1.8887892756417934
mariodpo::mariodpo_nintendo_0018.txt,mariodpo,2.3220173470033623
mariodpo::mariodpo_nintendo_0019.txt,mariodpo,1.4134004500350725
mariodpo::mariodpo_nintendo_0020.txt,mariodpo,1.4937879129662335
mariodpo::mariodpo_nintendo_0021.txt,mariodpo,2.57027361384594
mariodpo::mariodpo_nintendo_0022.txt,mariodpo,0.15206924057071583
mariodpo::mariodpo_nintendo_0023.txt,mariodpo,1.4290719296254855
mariodpo::mariodpo_nintendo_0024.txt,mariodpo,2.211453477256419
mariodpo::mariodpo_nintendo_0025.txt,mariodpo,2.4944253791313855
mariodpo::mariodpo_nintendo_0026.txt,mariodpo,1.2927152491135092
mariodpo::mariodpo_nintendo_0027.txt,mariodpo,0.10638349507403666
mariodpo::mariodpo_nintendo_0028.txt,mariodpo,1.9057238301655341
mariodpo::mariodpo_nintendo_0029.txt,mariodpo,1.5417303031248042
mariodpo::mariodpo_nintendo_0030.txt,mariodpo,1.384993533102815
mariodpo::mariodpo_nintendo_0031.txt,mariodpo,2.0957056223084507
mariodpo::mariodpo_nintendo_0032.txt,mariodpo,0.2868165063365527
mariodpo::mariodpo_nintendo_0033.txt,mariodpo,1.0599618299627933
mariodpo::mariodpo_nintendo_0034.txt,mariodpo,1.3939336229202974
mariodpo::mariodpo_nintendo_0035.txt,mariodpo,2.661407537259137
mariodpo::mariodpo_nintendo_0036.txt,mariodpo,1.7609647765498577
mariodpo::mariodpo_nintendo_0037.txt,mariodpo,2.269812463962009
mariodpo::mariodpo_nintendo_0038.txt,mariodpo,2.514194839084078
mariodpo::mariodpo_nintendo_0039.txt,mariodpo,1.6933770180669743
mariodpo::mariodpo_nintendo_0040.txt,mariodpo,3.3347707211601456
mariodpo::mariodpo_nintendo_0041.txt,mariodpo,0.6874839972624769
mariodpo::mariodpo_nintendo_0042.txt,mariodpo,0.07060500366089852
mariodpo::mariodpo_nintendo_0043.txt,mariodpo,0.9904897070140922
mariodpo::mariodpo_nintendo_0044.txt,mariodpo,0.7089701560779053
mariodpo::mariodpo_nintendo_0045.txt,mariodpo,3.0303610032681765
mariodpo::mariodpo_nintendo_0046.txt,mariodpo,2.0109287868138717
mariodpo::mariodpo_nintendo_0047.txt,mariodpo,2.49294139891862
mariodpo::mariodpo_nintendo_0048.txt,mariodpo,2.284955636768781
mariodpo::mariodpo_nintendo_0049.txt,mariodpo,2.075188263184618
mariodpo::mariodpo_nintendo_0050.txt,mariodpo,1.2804651659659227
mariodpo::mariodpo_nintendo_0051.txt,mariodpo,2.085937109164196
mariodpo::mariodpo_nintendo_0052.txt,mariodpo,0.3182207861112592
mariodpo::mariodpo_nintendo_0053.txt,mariodpo,0.013200379573149425
mariodpo::mariodpo_nintendo_0054.txt,mariodpo,1.4625158644033294
mariodpo::mariodpo_nintendo_0055.txt,mariodpo,2.3998357394934935
mariodpo::mariodpo_nintendo_0056.txt,mariodpo,1.1814509463604892
mariodpo::mariodpo_nintendo_0057.txt,mariodpo,1.2176641267325468
mariodpo::mariodpo_nintendo_0058.txt,mariodpo,2.3395139137883687
mariodpo::mariodpo_nintendo_0059.txt,mariodpo,1.5065520716664573
mariodpo::mariodpo_nintendo_0060.txt,mariodpo,0.5735448624969329
mariodpo::mariodpo_nintendo_0061.txt,mariodpo,1.1506892182475952
mariodpo::mariodpo_nintendo_0062.txt,mariodpo,2.3756577059949566
mariodpo::mariodpo_nintendo_0063.txt,mariodpo,1.0366523604624844
mariodpo::mariodpo_nintendo_0064.txt,mariodpo,1.3956364911464465
mariodpo::mariodpo_nintendo_0065.txt,mariodpo,2.242089088557216
mariodpo::mariodpo_nintendo_0066.txt,mariodpo,2.4376426667306563
mariodpo::mariodpo_nintendo_0067.txt,mariodpo,1.5298623413163526
mariodpo::mariodpo_nintendo_0068.txt,mariodpo,1.2877957988284332
mariodpo::mariodpo_nintendo_0069.txt,mariodpo,2.48008748573469
mariodpo::mariodpo_nintendo_0070.txt,mariodpo,1.7825880062388695
mariodpo::mariodpo_nintendo_0071.txt,mariodpo,2.009982270949753
mariodpo::mariodpo_nintendo_0072.txt,mariodpo,0.7812980984177985
mariodpo::mariodpo_nintendo_0073.txt,mariodpo,1.7870081171257872
mariodpo::mariodpo_nintendo_0074.txt,mariodpo,0.2224787476427388
mariodpo::mariodpo_nintendo_0075.txt,mariodpo,1.8565283820218785
mariodpo::mariodpo_nintendo_0076.txt,mariodpo,-0.09051208644472258
mariodpo::mariodpo_nintendo_0077.txt,mariodpo,2.542954281561128
mariodpo::mariodpo_nintendo_0078.txt,mariodpo,0.8394711669396939
mariodpo::mariodpo_nintendo_0079.txt,mariodpo,2.5838790440562085
mariodpo::mariodpo_nintendo_0080.txt,mariodpo,1.8513263988735709
mariodpo::mariodpo_nintendo_0081.txt,mariodpo,2.7176139603812186
mariodpo::mariodpo_nintendo_0082.txt,mariodpo,2.04303280378171
mariodpo::mariodpo_nintendo_0083.txt,mariodpo,2.125827926086566
mariodpo::mariodpo_nintendo_0084.txt,mariodpo,0.6390368999576702
mariodpo::mariodpo_nintendo_0085.txt,mariodpo,2.1573154811648734
mariodpo::mariodpo_nintendo_0086.txt,mariodpo,2.2978931437037438
mariodpo::mariodpo_nintendo_0087.txt,mariodpo,0.8120569589949321
mariodpo::mariodpo_nintendo_0088.txt,mariodpo,0.566968432388622
mariodpo::mariodpo_nintendo_0089.txt,mariodpo,2.5748556606647424
mariodpo::mariodpo_nintendo_0090.txt,mariodpo,2.1886825386262516
mariodpo::mariodpo_nintendo_0091.txt,mariodpo,1.415857407523899
mariodpo::mariodpo_nintendo_0092.txt,mariodpo,2.1907635484478325
mariodpo::mariodpo_nintendo_0093.txt,mariodpo,1.569254985980276
mariodpo::mariodpo_nintendo_0094.txt,mariodpo,1.6867644728944144
mariodpo::mariodpo_nintendo_0095.txt,mariodpo,2.272151195962022
mariodpo::mariodpo_nintendo_0096.txt,mariodpo,2.5341926004729647
mariodpo::mariodpo_nintendo_0097.txt,mariodpo,3.4282318918006496
mariodpo::mariodpo_nintendo_0098.txt,mariodpo,0.5814009583178199
mariodpo::mariodpo_nintendo_0099.txt,mariodpo,1.7785937977002266
mariodpo::mariodpo_nintendo_0100.txt,mariodpo,1.4207624906188137
mariodpo::mariodpo_nintendo_0101.txt,mariodpo,1.9259561425448462
mariodpo::mariodpo_nintendo_0102.txt,mariodpo,1.9190343666292602
mariodpo::mariodpo_nintendo_0103.txt,mariodpo,0.6759369188173887
mariodpo::mariodpo_nintendo_0104.txt,mariodpo,2.784351992843
mariodpo::mariodpo_nintendo_0105.txt,mariodpo,0.793868843241438
mariodpo::mariodpo_nintendo_0106.txt,mariodpo,1.595479743699212
mariodpo::mariodpo_nintendo_0107.txt,mariodpo,1.6378681948307758
mariodpo::mariodpo_nintendo_0108.txt,mariodpo,1.7325765992056532
mariodpo::mariodpo_nintendo_0109.txt,mariodpo,1.8496344810872722
mariodpo::mariodpo_nintendo_0110.txt,mariodpo,0.3861510461944853
mariodpo::mariodpo_nintendo_0111.txt,mariodpo,0.24545553733460063
mariodpo::mariodpo_nintendo_0112.txt,mariodpo,1.7820116110952409
mariodpo::mariodpo_nintendo_0113.txt,mariodpo,0.9792550830720934
mariodpo::mariodpo_nintendo_0114.txt,mariodpo,1.6141094562261917
mariodpo::mariodpo_nintendo_0115.txt,mariodpo,1.3353139940212282
mariodpo::mariodpo_nintendo_0116.txt,mariodpo,0.9519087909624655
mariodpo::mariodpo_nintendo_0117.txt,mariodpo,1.8680607413805634
mariodpo::mariodpo_nintendo_0118.txt,mariodpo,2.837071564823876
mariodpo::mariodpo_nintendo_0119.txt,mariodpo,1.4616199363784095
mariodpo::mariodpo_nintendo_0120.txt,mariodpo,3.5586073847240627
mariodpo::mariodpo_nintendo_0121.txt,mariodpo,1.1098551324104287
mariodpo::mariodpo_nintendo_0122.txt,mariodpo,2.808072034298631
mariodpo::mariodpo_nintendo_0123.txt,mariodpo,2.88517735667646
mariodpo::mariodpo_nintendo_0124.txt,mariodpo,2.6959138340465425
mariodpo::mariodpo_nintendo_0125.txt,mariodpo,2.567218568403786
mariodpo::mariodpo_nintendo_0126.txt,mariodpo,1.1592201591737827
mariodpo::mariodpo_nintendo_0127.txt,mariodpo,1.2241675637943998
mariodpo::mariodpo_nintendo_0128.txt,mariodpo,0.6532869349369307
mariodpo::mariodpo_nintendo_0129.txt,mariodpo,0.3937105959826601
mariodpo::mariodpo_nintendo_0130.txt,mariodpo,1.2142226879967437
mariodpo::mariodpo_nintendo_0131.txt,mariodpo,2.677225732184865
mariodpo::mariodpo_nintendo_0132.txt,mariodpo,3.9354075718789883
mariodpo::mariodpo_nintendo_0133.txt,mariodpo,1.6558251223918783
mariodpo::mariodpo_nintendo_0134.txt,mariodpo,3.2051008364756144
mariodpo::mariodpo_nintendo_0135.txt,mariodpo,2.2762211726598984
mariodpo::mariodpo_nintendo_0136.txt,mariodpo,2.0854143417863136
mariodpo::mariodpo_nintendo_0137.txt,mariodpo,3.9934074934892383
mariodpo::mariodpo_nintendo_0138.txt,mariodpo,2.234164286156466
mariodpo::mariodpo_nintendo_0139.txt,mariodpo,1.1577045521363518
mariodpo::mariodpo_nintendo_0140.txt,mariodpo,2.566386868707582
mariodpo::mariodpo_nintendo_0141.txt,mariodpo,2.089588315396624
mariodpo::mariodpo_nintendo_0142.txt,mariodpo,1.185641220666085
mariodpo::mariodpo_nintendo_0143.txt,mariodpo,2.089109602322833
mariodpo::mariodpo_nintendo_0144.txt,mariodpo,1.8379464223414543
mariodpo::mariodpo_nintendo_0145.txt,mariodpo,1.1817106427235162
mariodpo::mariodpo_nintendo_0146.txt,mariodpo,0.8278753428686708
mariodpo::mariodpo_nintendo_0147.txt,mariodpo,0.8853029030239926
mariodpo::mariodpo_nintendo_0148.txt,mariodpo,2.5966834152440885
mariodpo::mariodpo_nintendo_0149.txt,mariodpo,-0.10450611975521272
mariodpo::mariodpo_nintendo_0150.txt,mariodpo,1.2680162460514195
mariodpo::mariodpo_nintendo_0151.txt,mariodpo,1.4409885823196193
mariodpo::mariodpo_nintendo_0152.txt,mariodpo,0.9481509674409687
mariodpo::mariodpo_nintendo_0153.txt,mariodpo,0.7932255306181424
mariodpo::mariodpo_nintendo_0154.txt,mariodpo,1.4811740781495109
mariodpo::mariodpo_nintendo_0155.txt,mariodpo,0.623674279758723
mariodpo::mariodpo_nintendo_0156.txt,mariodpo,2.19424450229346
mariodpo::mariodpo_nintendo_0157.txt,mariodpo,1.1698054728376976
mariodpo::mariodpo_nintendo_0158.txt,mariodpo,1.952898680950307
mariodpo::mariodpo_nintendo_0159.txt,mariodpo,2.690277191316827
mariodpo::mariodpo_nintendo_0160.txt,mariodpo,0.17786605284807502
mariodpo::mariodpo_nintendo_0161.txt,mariodpo,3.2494058887576567
mariodpo::mariodpo_nintendo_0162.txt,mariodpo,2.440399459690707
mariodpo::mariodpo_nintendo_0163.txt,mariodpo,1.6232709671346357
mariodpo::mariodpo_nintendo_0164.txt,mariodpo,2.003461530235841
mariodpo::mariodpo_nintendo_0165.txt,mariodpo,2.366326981473919
mariodpo::mariodpo_nintendo_0166.txt,mariodpo,2.264403772931214
mariodpo::mariodpo_nintendo_0167.txt,mariodpo,1.498873800823004
mariodpo::mariodpo_nintendo_0168.txt,mariodpo,0.761261735064688
mariodpo::mariodpo_nintendo_0169.txt,mariodpo,1.5819500814547998
mariodpo::mariodpo_nintendo_0170.txt,mariodpo,1.4499158285046598
mariodpo::mariodpo_nintendo_0171.txt,mariodpo,3.136733967632484
mariodpo::mariodpo_nintendo_0172.txt,mariodpo,2.006152219694297
mariodpo::mariodpo_nintendo_0173.txt,mariodpo,1.440903542009199
mariodpo::mariodpo_nintendo_0174.txt,mariodpo,2.702147937645035
mariodpo::mariodpo_nintendo_0175.txt,mariodpo,2.1970613501690073
mariodpo::mariodpo_nintendo_0176.txt,mariodpo,1.784415449704473
mariodpo::mariodpo_nintendo_0177.txt,mariodpo,0.9802803820454343
mariodpo::mariodpo_nintendo_0178.txt,mariodpo,0.879596940314873
mariodpo::mariodpo_nintendo_0179.txt,mariodpo,2.818922204296957
mariodpo::mariodpo_nintendo_0180.txt,mariodpo,0.8574620009752895
mariodpo::mariodpo_nintendo_0181.txt,mariodpo,3.18860942017885
mariodpo::mariodpo_nintendo_0182.txt,mariodpo,3.220010729007219
mariodpo::mariodpo_nintendo_0183.txt,mariodpo,0.7963636668314275
mariodpo::mariodpo_nintendo_0184.txt,mariodpo,1.787056749431691
mariodpo::mariodpo_nintendo_0185.txt,mariodpo,1.601570439563569
mariodpo::mariodpo_nintendo_0186.txt,mariodpo,0.7118412578020642
mariodpo::mariodpo_nintendo_0187.txt,mariodpo,1.9065352516676395
mariodpo::mariodpo_nintendo_0188.txt,mariodpo,0.6345122517001115
mariodpo::mariodpo_nintendo_0189.txt,mariodpo,2.536768777504111
mariodpo::mariodpo_nintendo_0190.txt,mariodpo,1.856650232866503
mariodpo::mariodpo_nintendo_0191.txt,mariodpo,0.42778253891089313
mariodpo::mariodpo_nintendo_0192.txt,mariodpo,2.409025169631023
mariodpo::mariodpo_nintendo_0193.txt,mariodpo,2.6872673647633376
mariodpo::mariodpo_nintendo_0194.txt,mariodpo,0.7735381995537979
mariodpo::mariodpo_nintendo_0195.txt,mariodpo,0.5348933074313245
mariodpo::mariodpo_nintendo_0196.txt,mariodpo,0.8768646407942415
mariodpo::mariodpo_nintendo_0197.txt,mariodpo,3.405921467891236
mariodpo::mariodpo_nintendo_0198.txt,mariodpo,1.3199605265046048
mariodpo::mariodpo_nintendo_0199.txt,mariodpo,-0.26392316417643663
mariodpo::mariodpo_nintendo_0200.txt,mariodpo,1.855155634900954
mariodpo::mariodpo_nintendo_0201.txt,mariodpo,0.623510861066626
mariodpo::mariodpo_nintendo_0202.txt,mariodpo,1.3930185162882585
mariodpo::mariodpo_nintendo_0203.txt,mariodpo,1.9577725432861204
mariodpo::mariodpo_nintendo_0204.txt,mariodpo,2.383220890831694
mariodpo::mariodpo_nintendo_0205.txt,mariodpo,0.8250232144364865
mariodpo::mariodpo_nintendo_0206.txt,mariodpo,1.9416918206747813
mariodpo::mariodpo_nintendo_0207.txt,mariodpo,1.1530245259603584
mariodpo::mariodpo_nintendo_0208.txt,mariodpo,1.6550343238322043
mariodpo::mariodpo_nintendo_0209.txt,mariodpo,1.805475354562756
mariodpo::mariodpo_nintendo_0210.txt,mariodpo,1.6131432296749202
mariodpo::mariodpo_nintendo_0211.txt,mariodpo,1.3974311993428985
mariodpo::mariodpo_nintendo_0212.txt,mariodpo,1.0238654798477231
mariodpo::mariodpo_nintendo_0213.txt,mariodpo,2.0365091512387212
mariodpo::mariodpo_nintendo_0214.txt,mariodpo,0.6280485860779852
mariodpo::mariodpo_nintendo_0215.txt,mariodpo,1.9395465764859305
mariodpo::mariodpo_nintendo_0216.txt,mariodpo,-0.1369052543903783
mariodpo::mariodpo_nintendo_0217.txt,mariodpo,2.8203434077655958
mariodpo::mariodpo_nintendo_0218.txt,mariodpo,1.8693713788101218
mariodpo::mariodpo_nintendo_0219.txt,mariodpo,2.3940159339631366
mariodpo::mariodpo_nintendo_0220.txt,mariodpo,1.824533293452551
mariodpo::mariodpo_nintendo_0221.txt,mariodpo,0.26758835479952253
mariodpo::mariodpo_nintendo_0222.txt,mariodpo,-0.005124322799155147
mariodpo::mariodpo_nintendo_0223.txt,mariodpo,1.9116575929005917
mariodpo::mariodpo_nintendo_0224.txt,mariodpo,2.4761718798991157
mariodpo::mariodpo_nintendo_0225.txt,mariodpo,2.5062915616051327
mariodpo::mariodpo_nintendo_0226.txt,mariodpo,0.5943489824186559
mariodpo::mariodpo_nintendo_0227.txt,mariodpo,2.500138902289201
mariodpo::mariodpo_nintendo_0228.txt,mariodpo,1.6692775920561191
mariodpo::mariodpo_nintendo_0229.txt,mariodpo,1.0931501020478067
mariodpo::mariodpo_nintendo_0230.txt,mariodpo,2.1172854651211845
mariodpo::mariodpo_nintendo_0231.txt,mariodpo,1.748354889318797
mariodpo::mariodpo_nintendo_0232.txt,mariodpo,2.9735785245363306
mariodpo::mariodpo_nintendo_0233.txt,mariodpo,1.9687391073911191
mariodpo::mariodpo_nintendo_0234.txt,mariodpo,2.5644909779455127
mariodpo::mariodpo_nintendo_0235.txt,mariodpo,1.7328745118592934
mariodpo::mariodpo_nintendo_0236.txt,mariodpo,2.189193984433942
mariodpo::mariodpo_nintendo_0237.txt,mariodpo,1.6914288215395072
mariodpo::mariodpo_nintendo_0238.txt,mariodpo,1.5684737434199227
mariodpo::mariodpo_nintendo_0239.txt,mariodpo,3.235331934980124
mariodpo::mariodpo_nintendo_0240.txt,mariodpo,2.1287563839448946
mariodpo::mariodpo_nintendo_0241.txt,mariodpo,0.8056403060619269
mariodpo::mariodpo_nintendo_0242.txt,mariodpo,1.7117799564131093
mariodpo::mariodpo_nintendo_0243.txt,mariodpo,1.8560116126386195
mariodpo::mariodpo_nintendo_0244.txt,mariodpo,2.084059253067874
mariodpo::mariodpo_nintendo_0245.txt,mariodpo,0.6839729091797228
mariodpo::mariodpo_nintendo_0246.txt,mariodpo,2.4288307068268526
mariodpo::mariodpo_nintendo_0247.txt,mariodpo,-0.18567621684566055
mariodpo::mariodpo_nintendo_0248.txt,mariodpo,0.7660010151915513
mariodpo::mariodpo_nintendo_0249.txt,mariodpo,0.7684637893723932
mariodpo::mariodpo_nintendo_0250.txt,mariodpo,0.6200556786767215
mariodpo::mariodpo_nintendo_0251.txt,mariodpo,1.061901643697187
mariodpo::mariodpo_nintendo_0252.txt,mariodpo,1.886786095804226
mariodpo::mariodpo_nintendo_0253.txt,mariodpo,1.6426142050121537
mariodpo::mariodpo_nintendo_0254.txt,mariodpo,2.0303485092682934
mariodpo::mariodpo_nintendo_0255.txt,mariodpo,1.4539255169175238
mariodpo::mariodpo_nintendo_0256.txt,mariodpo,2.312128300690545
mariodpo::mariodpo_nintendo_0257.txt,mariodpo,1.3119657889299694
mariodpo::mariodpo_nintendo_0258.txt,mariodpo,0.2523483614876242
mariodpo::mariodpo_nintendo_0259.txt,mariodpo,2.1673164815168615
mariodpo::mariodpo_nintendo_0260.txt,mariodpo,1.2454089348602089
mariodpo::mariodpo_nintendo_0261.txt,mariodpo,1.768121561349939
mariodpo::mariodpo_nintendo_0262.txt,mariodpo,2.295893001660737
mariodpo::mariodpo_nintendo_0263.txt,mariodpo,0.9432531197804466
mariodpo::mariodpo_nintendo_0264.txt,mariodpo,2.5237978827077905
mariodpo::mariodpo_nintendo_0265.txt,mariodpo,1.3777404434176346
mariodpo::mariodpo_nintendo_0266.txt,mariodpo,2.0717330041332023
mariodpo::mariodpo_nintendo_0267.txt,mariodpo,2.742182439183723
mariodpo::mariodpo_nintendo_0268.txt,mariodpo,1.7278090571449687
mariodpo::mariodpo_nintendo_0269.txt,mariodpo,2.4160501836911843
mariodpo::mariodpo_nintendo_0270.txt,mariodpo,0.8060729599392396
mariodpo::mariodpo_nintendo_0271.txt,mariodpo,1.9834791126715687
mariodpo::mariodpo_nintendo_0272.txt,mariodpo,1.8942295624643792
mariodpo::mariodpo_nintendo_0273.txt,mariodpo,0.9106466440788112
mariodpo::mariodpo_nintendo_0274.txt,mariodpo,2.9209048788659278
mariodpo::mariodpo_nintendo_0275.txt,mariodpo,1.8858384491608668
mariodpo::mariodpo_nintendo_0276.txt,mariodpo,1.2037714692156052
mariodpo::mariodpo_nintendo_0277.txt,mariodpo,2.7896948632107414
mariodpo::mariodpo_nintendo_0278.txt,mariodpo,0.919706849220849
mariodpo::mariodpo_nintendo_0279.txt,mariodpo,1.6267202851108225
mariodpo::mariodpo_nintendo_0280.txt,mariodpo,0.11085308575645082
mariodpo::mariodpo_nintendo_0281.txt,mariodpo,0.3138689911032676
mariodpo::mariodpo_nintendo_0282.txt,mariodpo,0.9008977856722958
mariodpo::mariodpo_nintendo_0283.txt,mariodpo,1.7445768703775357
mariodpo::mariodpo_nintendo_0284.txt,mariodpo,2.896807502788692
mariodpo::mariodpo_nintendo_0285.txt,mariodpo,1.8114445312014524
mariodpo::mariodpo_nintendo_0286.txt,mariodpo,0.7552950188853473
mariodpo::mariodpo_nintendo_0287.txt,mariodpo,0.7366412620667673
mariodpo::mariodpo_nintendo_0288.txt,mariodpo,0.2798872727617589
mariodpo::mariodpo_nintendo_0289.txt,mariodpo,0.396192249285665
mariodpo::mariodpo_nintendo_0290.txt,mariodpo,1.3793947139480378
mariodpo::mariodpo_nintendo_0291.txt,mariodpo,1.3281113468880223
mariodpo::mariodpo_nintendo_0292.txt,mariodpo,3.3264414388408023
mariodpo::mariodpo_nintendo_0293.txt,mariodpo,1.4414852474553923
mariodpo::mariodpo_nintendo_0294.txt,mariodpo,1.9652495978311924
mariodpo::mariodpo_nintendo_0295.txt,mariodpo,1.7761864283128
mariodpo::mariodpo_nintendo_0296.txt,mariodpo,2.6140335411802247
mariodpo::mariodpo_nintendo_0297.txt,mariodpo,2.2690629859174645
mariodpo::mariodpo_nintendo_0298.txt,mariodpo,1.6516174118953608
mariodpo::mariodpo_nintendo_0299.txt,mariodpo,1.3794927502153063
mariodpo::mariodpo_nintendo_0300.txt,mariodpo,2.0987059907522156
mariodpo::mariodpo_nintendo_0301.txt,mariodpo,1.9175806407038507
mariodpo::mariodpo_nintendo_0302.txt,mariodpo,1.99516576463716
mariodpo::mariodpo_nintendo_0303.txt,mariodpo,0.23217321331246513
mariodpo::mariodpo_nintendo_0304.txt,mariodpo,0.790052191761819
mariodpo::mariodpo_nintendo_0305.txt,mariodpo,1.5576126256034097
mariodpo::mariodpo_nintendo_0306.txt,mariodpo,1.000480126906088
mariodpo::mariodpo_nintendo_0307.txt,mariodpo,1.81983437673904
mariodpo::mariodpo_nintendo_0308.txt,mariodpo,1.5238605558567462
mariodpo::mariodpo_nintendo_0309.txt,mariodpo,0.7050409807584193
mariodpo::mariodpo_nintendo_0310.txt,mariodpo,2.378250154466496
mariodpo::mariodpo_nintendo_0311.txt,mariodpo,2.566234256403838
mariodpo::mariodpo_nintendo_0312.txt,mariodpo,2.595431877672937
mariodpo::mariodpo_nintendo_0313.txt,mariodpo,0.7040217592342307
mariodpo::mariodpo_nintendo_0314.txt,mariodpo,1.4185192737607948
mariodpo::mariodpo_nintendo_0315.txt,mariodpo,2.4214392907523736
mariodpo::mariodpo_nintendo_0316.txt,mariodpo,1.2451897195279966
mariodpo::mariodpo_nintendo_0317.txt,mariodpo,2.275339514510494
mariodpo::mariodpo_nintendo_0318.txt,mariodpo,2.152599558496499
mariodpo::mariodpo_nintendo_0319.txt,mariodpo,1.1802724328841814
mariodpo::mariodpo_nintendo_0320.txt,mariodpo,0.6750407775033219
mariodpo::mariodpo_nintendo_0321.txt,mariodpo,0.6359069729420418
mariodpo::mariodpo_nintendo_0322.txt,mariodpo,1.1666481831417848
mariodpo::mariodpo_nintendo_0323.txt,mariodpo,0.9525867076752111
mariodpo::mariodpo_nintendo_0324.txt,mariodpo,2.384240631837196
mariodpo::mariodpo_nintendo_0325.txt,mariodpo,2.8145569183798824
mariodpo::mariodpo_nintendo_0326.txt,mariodpo,1.3905725306846535
mariodpo::mariodpo_nintendo_0327.txt,mariodpo,0.6841292280523317
mariodpo::mariodpo_nintendo_0328.txt,mariodpo,3.1978404492089005
mariodpo::mariodpo_nintendo_0329.txt,mariodpo,2.6413351584001403
mariodpo::mariodpo_nintendo_0330.txt,mariodpo,1.392986871199909
mariodpo::mariodpo_nintendo_0331.txt,mariodpo,2.6219067160706815
mariodpo::mariodpo_nintendo_0332.txt,mariodpo,2.183859174967715
mariodpo::mariodpo_nintendo_0333.txt,mariodpo,1.263757686627381
mariodpo::mariodpo_nintendo_0334.txt,mariodpo,0.25883269719829244
mariodpo::mariodpo_nintendo_0335.txt,mariodpo,3.0965331266126115
mariodpo::mariodpo_nintendo_0336.txt,mariodpo,2.632224255179944
mariodpo::mariodpo_nintendo_0337.txt,mariodpo,2.287728644350007
mariodpo::mariodpo_nintendo_0338.txt,mariodpo,2.184556990606666
mariodpo::mariodpo_nintendo_0339.txt,mariodpo,1.531985579345331
mariodpo::mariodpo_nintendo_0340.txt,mariodpo,2.6803939932370957
mariodpo::mariodpo_nintendo_0341.txt,mariodpo,1.2958391905109223
mariodpo::mariodpo_nintendo_0342.txt,mariodpo,0.9883876194215395
mariodpo::mariodpo_nintendo_0343.txt,mariodpo,2.4171348400736994
mariodpo::mariodpo_nintendo_0344.txt,mariodpo,1.208646098876893
mariodpo::mariodpo_nintendo_0345.txt,mariodpo,0.3303920352213261
mariodpo::mariodpo_nintendo_0346.txt,mariodpo,1.9937313789142082
mariodpo::mariodpo_nintendo_0347.txt,mariodpo,1.2529131364503128
mariodpo::mariodpo_nintendo_0348.txt,mariodpo,2.0284365431853852
mariodpo::mariodpo_nintendo_0349.txt,mariodpo,0.9792307527241657
mariodpo::mariodpo_nintendo_0350.txt,mariodpo,0.8045757777125916
mariodpo::mariodpo_nintendo_0351.txt,mariodpo,2.042983866896257
mariodpo::mariodpo_nintendo_0352.txt,mariodpo,2.4206987241878593
mariodpo::mariodpo_nintendo_0353.txt,mariodpo,0.6616910233684584
mariodpo::mariodpo_nintendo_0354.txt,mariodpo,3.2237427076286997
mariodpo::mariodpo_nintendo_0355.txt,mariodpo,1.9878203711876703
mariodpo::mariodpo_nintendo_0356.txt,mariodpo,2.0571795690239085
mariodpo::mariodpo_nintendo_0357.txt,mariodpo,1.35616809340037
mariodpo::mariodpo_nintendo_0358.txt,mariodpo,1.8797124865885577
mariodpo::mariodpo_nintendo_0359.txt,mariodpo,1.1334256435556074
mariodpo::mariodpo_nintendo_0360.txt,mariodpo,0.594644970848361
mariodpo::mariodpo_nintendo_0361.txt,mariodpo,1.8517928335537717
mariodpo::mariodpo_nintendo_0362.txt,mariodpo,3.0130775541742647
mariodpo::mariodpo_nintendo_0363.txt,mariodpo,3.3574921268945004
mariodpo::mariodpo_nintendo_0364.txt,mariodpo,1.8751929699908467
mariodpo::mariodpo_nintendo_0365.txt,mariodpo,0.8578678950939032
mariodpo::mariodpo_nintendo_0366.txt,mariodpo,0.4947953790409284
mariodpo::mariodpo_nintendo_0367.txt,mariodpo,1.6425573838095329
mariodpo::mariodpo_nintendo_0368.txt,mariodpo,2.7785955810912375
mariodpo::mariodpo_nintendo_0369.txt,mariodpo,2.635571269640205
mariodpo::mariodpo_nintendo_0370.txt,mariodpo,2.354475561676395
mariodpo::mariodpo_nintendo_0371.txt,mariodpo,-0.2573554732023431
mariodpo::mariodpo_nintendo_0372.txt,mariodpo,1.5021893066356748
mariodpo::mariodpo_nintendo_0373.txt,mariodpo,0.6440805959692285
mariodpo::mariodpo_nintendo_0374.txt,mariodpo,1.3954599007665613
mariodpo::mariodpo_nintendo_0375.txt,mariodpo,1.565529461782723
mariodpo::mariodpo_nintendo_0376.txt,mariodpo,1.79263111782021
mariodpo::mariodpo_nintendo_0377.txt,mariodpo,0.8888048810561584
mariodpo::mariodpo_nintendo_0378.txt,mariodpo,2.4616652448085445
mariodpo::mariodpo_nintendo_0379.txt,mariodpo,0.37434434013168627
mariodpo::mariodpo_nintendo_0380.txt,mariodpo,1.6800255361424046
mariodpo::mariodpo_nintendo_0381.txt,mariodpo,2.070902976062087
mariodpo::mariodpo_nintendo_0382.txt,mariodpo,1.6225882217116285
mariodpo::mariodpo_nintendo_0383.txt,mariodpo,1.6919876452809701
mariodpo::mariodpo_nintendo_0384.txt,mariodpo,2.330996164603412
mariodpo::mariodpo_nintendo_0385.txt,mariodpo,3.042523713401244
mariodpo::mariodpo_nintendo_0386.txt,mariodpo,0.8552805570793625
mariodpo::mariodpo_nintendo_0387.txt,mariodpo,1.5222536027888496
mariodpo::mariodpo_nintendo_0388.txt,mariodpo,2.329428029826016
mariodpo::mariodpo_nintendo_0389.txt,mariodpo,2.3652906069211963
mariodpo::mariodpo_nintendo_0390.txt,mariodpo,1.942839440948767
mariodpo::mariodpo_nintendo_0391.txt,mariodpo,2.0321522637654312
mariodpo::mariodpo_nintendo_0392.txt,mariodpo,1.7084128868538921
mariodpo::mariodpo_nintendo_0393.txt,mariodpo,3.015723305279047
mariodpo::mariodpo_nintendo_0394.txt,mariodpo,1.2063570950913207
mariodpo::mariodpo_nintendo_0395.txt,mariodpo,1.353088029279773
mariodpo::mariodpo_nintendo_0396.txt,mariodpo,1.6256001404531908
mariodpo::mariodpo_nintendo_0397.txt,mariodpo,1.5889228906606496
mariodpo::mariodpo_nintendo_0398.txt,mariodpo,2.5436499658885325
mariodpo::mariodpo_nintendo_0399.txt,mariodpo,1.3195595053414526
mariodpo::mariodpo_nintendo_0400.txt,mariodpo,1.4537808961923142
mariodpo::mariodpo_nintendo_0401.txt,mariodpo,0.5465614650241094
mariodpo::mariodpo_nintendo_0402.txt,mariodpo,2.1363617166472517
mariodpo::mariodpo_nintendo_0403.txt,mariodpo,0.6625693267828673
mariodpo::mariodpo_nintendo_0404.txt,mariodpo,0.7882481280278014
mariodpo::mariodpo_nintendo_0405.txt,mariodpo,2.2953292891622654
mariodpo::mariodpo_nintendo_0406.txt,mariodpo,1.9286561894102399
mariodpo::mariodpo_nintendo_0407.txt,mariodpo,2.5126922429141385
mariodpo::mariodpo_nintendo_0408.txt,mariodpo,2.180586101196578
mariodpo::mariodpo_nintendo_0409.txt,mariodpo,2.266092085709599
mariodpo::mariodpo_nintendo_0410.txt,mariodpo,0.16869326771069398
mariodpo::mariodpo_nintendo_0411.txt,mariodpo,1.4385429774249807
mariodpo::mariodpo_nintendo_0412.txt,mariodpo,1.4002047210543316
mariodpo::mariodpo_nintendo_0413.txt,mariodpo,0.571252793851998
mariodpo::mariodpo_nintendo_0414.txt,mariodpo,0.8565733670124563
mariodpo::mariodpo_nintendo_0415.txt,mariodpo,0.41795832377177017
mariodpo::mariodpo_nintendo_0416.txt,mariodpo,1.7180363039656368
mariodpo::mariodpo_nintendo_0417.txt,mariodpo,1.4167444756849823
mariodpo::mariodpo_nintendo_0418.txt,mariodpo,1.9308314344139972
mariodpo::mariodpo_nintendo_0419.txt,mariodpo,0.7108421606185736
mariodpo::mariodpo_nintendo_0420.txt,mariodpo,1.1080366609954497
mariodpo::mariodpo_nintendo_0421.txt,mariodpo,3.610346786436136
mariodpo::mariodpo_nintendo_0422.txt,mariodpo,3.2009624601869686
mariodpo::mariodpo_nintendo_0423.txt,mariodpo,3.0958795043710863
mariodpo::mariodpo_nintendo_0424.txt,mariodpo,1.1916965054339057
mariodpo::mariodpo_nintendo_0425.txt,mariodpo,1.8464419958599947
mariodpo::mariodpo_nintendo_0426.txt,mariodpo,2.3608750999401216
mariodpo::mariodpo_nintendo_0427.txt,mariodpo,1.7609812961600173
mariodpo::mariodpo_nintendo_0428.txt,mariodpo,2.2745577693043915
mariodpo::mariodpo_nintendo_0429.txt,mariodpo,0.5789814170222088
mariodpo::mariodpo_nintendo_0430.txt,mariodpo,2.1884138050736786
mariodpo::mariodpo_nintendo_0431.txt,mariodpo,1.9941498225349044
mariodpo::mariodpo_nintendo_0432.txt,mariodpo,0.554365232082061
mariodpo::mariodpo_nintendo_0433.txt,mariodpo,3.2660709277266067
mariodpo::mariodpo_nintendo_0434.txt,mariodpo,-0.8804335305023687
mariodpo::mariodpo_nintendo_0435.txt,mariodpo,0.566665381174879
mariodpo::mariodpo_nintendo_0436.txt,mariodpo,1.6982878631758682
mariodpo::mariodpo_nintendo_0437.txt,mariodpo,0.9199321519015713
mariodpo::mariodpo_nintendo_0438.txt,mariodpo,1.654719621167138
mariodpo::mariodpo_nintendo_0439.txt,mariodpo,1.5835731453145085
mariodpo::mariodpo_nintendo_0440.txt,mariodpo,2.0418250484478753
mariodpo::mariodpo_nintendo_0441.txt,mariodpo,0.8651804467411754
mariodpo::mariodpo_nintendo_0442.txt,mariodpo,0.7522498693986862
mariodpo::mariodpo_nintendo_0443.txt,mariodpo,1.752275629909806
mariodpo::mariodpo_nintendo_0444.txt,mariodpo,2.3760919020678104
mariodpo::mariodpo_nintendo_0445.txt,mariodpo,1.1697630943573343
mariodpo::mariodpo_nintendo_0446.txt,mariodpo,2.575699251785856
mariodpo::mariodpo_nintendo_0447.txt,mariodpo,2.9459123325105665
mariodpo::mariodpo_nintendo_0448.txt,mariodpo,0.6364915758578855
mariodpo::mariodpo_nintendo_0449.txt,mariodpo,0.47504231615610515
mariodpo::mariodpo_nintendo_0450.txt,mariodpo,0.4472456435660162
mariodpo::mariodpo_nintendo_0451.txt,mariodpo,2.257654735832925
mariodpo::mariodpo_nintendo_0452.txt,mariodpo,1.364054190167967
mariodpo::mariodpo_nintendo_0453.txt,mariodpo,1.5378902932172538
mariodpo::mariodpo_nintendo_0454.txt,mariodpo,0.8256407469348347
mariodpo::mariodpo_nintendo_0455.txt,mariodpo,0.8147472973825612
mariodpo::mariodpo_nintendo_0456.txt,mariodpo,1.1615396683415908
mariodpo::mariodpo_nintendo_0457.txt,mariodpo,2.787615123740625
mariodpo::mariodpo_nintendo_0458.txt,mariodpo,0.589406738205261
mariodpo::mariodpo_nintendo_0459.txt,mariodpo,1.0393568318391762
mariodpo::mariodpo_nintendo_0460.txt,mariodpo,1.301435998024124
mariodpo::mariodpo_nintendo_0461.txt,mariodpo,2.009148472888456
mariodpo::mariodpo_nintendo_0462.txt,mariodpo,1.6820065908640744
mariodpo::mariodpo_nintendo_0463.txt,mariodpo,2.7011186536682485
mariodpo::mariodpo_nintendo_0464.txt,mariodpo,1.4665751462978072
mariodpo::mariodpo_nintendo_0465.txt,mariodpo,1.9140594451868742
mariodpo::mariodpo_nintendo_0466.txt,mariodpo,1.7669206203612569
mariodpo::mariodpo_nintendo_0467.txt,mariodpo,0.11425199068653231
mariodpo::mariodpo_nintendo_0468.txt,mariodpo,0.5842909949636683
mariodpo::mariodpo_nintendo_0469.txt,mariodpo,2.029193978917965
mariodpo::mariodpo_nintendo_0470.txt,mariodpo,2.551397628539976
mariodpo::mariodpo_nintendo_0471.txt,mariodpo,3.2202574367409746
mariodpo::mariodpo_nintendo_0472.txt,mariodpo,1.1651413381154012
mariodpo::mariodpo_nintendo_0473.txt,mariodpo,3.144176650082291
mariodpo::mariodpo_nintendo_0474.txt,mariodpo,1.0177316120512225
mariodpo::mariodpo_nintendo_0475.txt,mariodpo,1.4275920407231437
mariodpo::mariodpo_nintendo_0476.txt,mariodpo,2.1048640401831533
mariodpo::mariodpo_nintendo_0477.txt,mariodpo,2.230107022288991
mariodpo::mariodpo_nintendo_0478.txt,mariodpo,2.8503244183380083
mariodpo::mariodpo_nintendo_0479.txt,mariodpo,1.7146744181807128
mariodpo::mariodpo_nintendo_0480.txt,mariodpo,2.290718776300255
mariodpo::mariodpo_nintendo_0481.txt,mariodpo,1.1907456061098456
mariodpo::mariodpo_nintendo_0482.txt,mariodpo,1.9564071506717309
mariodpo::mariodpo_nintendo_0483.txt,mariodpo,0.8667935183214014
mariodpo::mariodpo_nintendo_0484.txt,mariodpo,1.9427206248507023
mariodpo::mariodpo_nintendo_0485.txt,mariodpo,1.575478249109277
mariodpo::mariodpo_nintendo_0486.txt,mariodpo,0.5608084681074945
mariodpo::mariodpo_nintendo_0487.txt,mariodpo,0.7679058545670774
mariodpo::mariodpo_nintendo_0488.txt,mariodpo,2.5273711748591445
mariodpo::mariodpo_nintendo_0489.txt,mariodpo,1.5506737855923223
mariodpo::mariodpo_nintendo_0490.txt,mariodpo,2.101976741220064
mariodpo::mariodpo_nintendo_0491.txt,mariodpo,2.3988455264683686
mariodpo::mariodpo_nintendo_0492.txt,mariodpo,2.382871189743676
mariodpo::mariodpo_nintendo_0493.txt,mariodpo,2.418366154993549
mariodpo::mariodpo_nintendo_0494.txt,mariodpo,0.8021921141491006
mariodpo::mariodpo_nintendo_0495.txt,mariodpo,0.7821618076183784
mariodpo::mariodpo_nintendo_0496.txt,mariodpo,2.6488493075626303
mariodpo::mariodpo_nintendo_0497.txt,mariodpo,1.8630249644590933
mariodpo::mariodpo_nintendo_0498.txt,mariodpo,0.40368582183781215
mariodpo::mariodpo_nintendo_0499.txt,mariodpo,1.7378032227492706
